景点中文名称,景点英文名称,攻略数量,点评数量,景点地点,景点排名,驴友数量,景点简介
宽窄巷子,Kuanzhaixiangzi Alleys,2142,12757,成都,2,68%,喝茶泡吧、掏掏耳朵，吃吃火锅，感受成都人幸福的悠闲生活。
锦里古街,Jinli Street,1942,14433,成都,3,61%,成都最古老、最热闹繁华的商业街区，能品尝到众多的当地美食。
武侯祠,Wuhou Shrine,2346,7967,成都,5,46%,刘备和诸葛亮的合祀的祠宇，中国唯一的君臣合祀祠宇。
成都大熊猫繁育研究基地,Chengdu Research Base of Giant Panda Breeding,2451,14021,成都,1,38%,成都周边观赏大熊猫最便利的地方，很多萌萌的大熊猫等着你哦。
杜甫草堂,Chengdu Du Fu Thatched Cottage Museum,1542,4896,成都,4,38%,唐代大诗人杜甫当年流离成都时的寓所，收藏有书法“四绝”。
成都市人民公园,Chengdu People's Park,249,950,成都,9,17%,市中心的街心公园，喝茶发呆晒太阳，感受随意轻松的安逸生活。
文殊院,Wenshu Temple,190,1178,成都,10,29%,院内供奉有300多尊佛像，材质不同，形态各异；院内的素斋也很赞。
青羊宫,Qingyang Taoist Temple,102,917,成都,12,23%,成都现存最古老的道观，敬香祈福，感受玄妙的道家气息。
大慈寺,Daci Temple,98,397,成都,42,1%,闹市区的古寺，有1600年的历史，玄奘法师在这里受戒、讲学。
金沙遗址博物馆,Jinsha Site Museum,86,2517,成都,16,10%,商周时代遗址，出土的“太阳神鸟”饰品，是中国文化遗产的标志。
东郊记忆,Eastern Suburb Memory,81,446,成都,24,1%,工业区改建的景区，文艺青年的最爱，还有李宇春名人的手模墙。
四川大学(望江校区),Sichuan University,81,353,成都,25,4%,望江校区的行政楼由梁思成设计；校区的天使林，是观鸟的好地方。
天府广场,Tianfu Square,61,362,成都,552,0%,成都的中心广场，城市的地标和象征，还是两条地铁线的换乘中心。
都江堰景区,Dujiangyan Scenic Spot,58,13977,都江堰,2,28%,中国目前保存最完整的古代水利工程。
黄龙溪,Huanglongxi Town,49,2493,成都,1,3%,漫步闲逛，感受古镇的悠闲。每年正月的烧火龙活动热闹非凡。
四川博物院,Sichuan Museum,49,580,成都,19,7%,国内收藏张大千作品最丰富的博物馆，尤其是大师的临摹敦煌壁画。
浣花溪公园,Huanhuaxi Park,46,471,成都,14,3%,成都市区内面积最大的免费公园，距离杜甫草堂不远。
青城山,Mount Qingcheng,42,8290,都江堰,1,17%,“青城天下幽”，这里是道教的发源地，山间有多处道观可探寻。
九眼桥,Jiu Yan Qiao,39,388,成都,2,1%,漂亮的廊桥，周边是热闹的酒吧一条街。
奎星楼街,Kuixinglou Street,34,99,成都,39,0%,海滨城市的夜景，灯火辉煌，如梦如幻。
文殊坊,Wen Shu Fun,30,212,成都,21,5%,湿地上的芦苇，随风摇曳，生态丰富。
小通巷,Xiaotong Alley,29,133,成都,37,5%,秋季的登山，攀登高峰，俯瞰世界。
洛带古镇,Luodai Ancient Town,21,649,成都,1,1%,成都近郊的客家古镇，吃伤心凉粉，泡茶馆，感受一下客家风俗。
南宝山旅游度假区,Nanbao Mountain,20,319,邛崃,5,0%,夏夜的星空，繁星点点，如梦如幻。
百工堰公园,Baigongyan Park,20,62,成都,237,0%,蓉城第一湖，来这里划船游山，再去农家乐吃吃烧烤。
九里堤公园,Jiulidi Park （South Gate）,20,18,成都,387,0%,夕阳下的河畔，金色的光线，如诗如画。
回龙沟景区,Huilong Ditch,20,15,彭州,3,0%,海边的晨光，海浪轻拍，阳光金灿。
沐沐五花,,20,15,成都,565,0%,春天的花丛，花香袭人，色彩斑斓。
静室堂,,20,15,成都,640,0%,雨中的城市，街道湿润，清新的空气。
西河(元通镇聚源村段),,20,15,崇州,977,0%,冬季的林道，雪花飘飘，寒风凛冽。
荷兰风车,,20,15,成都,957,0%,春天的田野，绿草如茵，花开满野。
西蜀禅韵,,20,15,彭州,912,0%,海岛上的椰影，摇曳生姿，风情万种。
麻神庵1店,,20,15,成都,346,0%,夏夜的荷塘，荷叶田田，荷花盛开。
高峰寺,,20,15,大邑,665,0%,湖泊的早晨，轻雾缭绕，宁静致远。
山王庙,,20,15,金堂,791,0%,峡谷之中，回声悠长，仿佛在诉说着古老的传说。
碰碰车地带,,20,15,成都,377,0%,田野上的风车，高高转动，带动风的流动。
流怀亭,,20,14,成都,318,0%,夏夜的星空，繁星点点，如梦如幻。
满心叠,,20,14,成都,889,0%,山顶的云海，云蒸霞蔚，如在仙境。
前言,,20,14,大邑,503,0%,野外的篝火，照亮了夜空，温暖伴随。
黄龙溪展馆,,20,14,成都,967,0%,山间的小溪，潺潺流水，清澈见底。
玫瑰花园,,20,14,成都,898,0%,河流的倒影，如同绘画，美不胜收。
鉴珍台,,20,13,成都,665,0%,沙滩上的日落，大海和夕阳同辉，景色迷人。
迷石森林,,20,13,成都,705,0%,秋日的湖边，湖面波光粼粼，风景如画。
燃灯古佛殿,,20,13,成都,335,0%,山间的小溪，潺潺流水，清澈见底。
金堂云顶石城-露营地,,20,13,金堂,416,0%,秋高气爽的山间，风清气朗，心旷神怡。
高墩寺,,20,13,成都,819,0%,湖面的夜色，月光倒映，静谧优美。
五观堂,,20,13,成都,911,0%,河畔的夜晚，月光下的河流，静谧而美丽。
杏花谷游乐区,,20,12,成都,763,0%,春日花开，百花齐放，香气扑鼻。
快乐嘻哈中老年社区文娱,,20,12,成都,356,0%,冬季的滑雪，白雪皑皑的山坡，速度与激情。
健康知识走廊,,20,12,成都,980,0%,沙漠的日落，天边一抹残阳，如火如血。
仙女山,,20,11,成都,517,0%,湖光山色，风景如画，美不胜收。
八仙观,,20,11,崇州,568,0%,日出东海，晚归山色，美不胜收。
圣修堂,,20,11,成都,553,0%,高山上的日落，晚霞如火，壮丽无比。
旋转天梯,,20,11,成都,959,0%,沙漠的黄昏，大地与天空同色，壮观迷人。
西岭雪山碑记,,20,11,大邑,997,0%,山谷间的回声，如同古老的歌谣，回荡在空中。
长松寺石榴园,,20,11,成都,423,0%,雨后的彩虹，横跨天际，绚烂夺目。
龙光寺,,20,11,大邑,895,0%,山间的小溪，潺潺流水，清澈见底。
知春亭,,20,10,成都,753,0%,公园的傍晚，散步的人们，一天的结束。
银厂沟,,20,10,邛崃,808,0%,冬天的湖面，结冰坚硬，如同镜面。
花轿,,20,10,大邑,321,0%,雪后的松林，静谧祥和，银装素裹。
四川军民抗战纪实陈列馆,,20,10,成都,708,0%,夏夜的荷塘，荷叶田田，荷花盛开。
自助图书馆(金彭西路),,20,10,彭州,666,0%,高山上的日落，晚霞如火，壮丽无比。
供天阁,,20,10,彭州,303,0%,热带雨林的深处，充满神秘，生命力旺盛。
摩柯湖,,20,9,成都,748,0%,热带海岛的早晨，海风习习，椰风海韵。
夜猫子城市露营基地,,20,9,成都,943,0%,夜晚的灯塔，发出的光芒，引导着远航者。
红军亭,,20,9,邛崃,968,0%,海滨的日出，海平面上升起的太阳，光彩夺目。
彭州市图书馆儿童友好图书馆,,20,9,彭州,386,0%,滨海的旅游小镇，悠闲的生活，海的味道。
小磨房,,20,8,邛崃,6,0%,掩映在一片苍林翠木中，环境清幽、古朴。青青流淌的金龙河水经断裂的河床层层叠流，形成了30多米宽长湖瀑布奇观。古老的小磨房栖息岩畔溪旁，瓦顶圆柱，绳架石磨，磨扇悠悠转动，槽中溪流潺潺，磨下跌水成滩，遍滩水泡如同洒落的珍珠，因而得名珍珠…
王安石雕塑,,20,8,成都,965,0%,清晨的田野上，露珠闪烁，一派生机盎然。
中国艺库艺术生活体验馆,,20,8,成都,572,0%,海边的沙滩，金黄色的沙粒，在阳光下闪耀。
金沙遗址博物馆-文物保护中心,,20,8,成都,436,0%,日出东海，晚归山色，美不胜收。
青城山味江陵园,,20,7,崇州,737,0%,冬日的雪景，白雪皑皑，银装素裹。
飞轮风谷机,,20,7,大邑,352,0%,雪后的公园，银装素裹，纯净美丽。
川主庙,,20,7,金堂,605,0%,秋日的阳光，温暖而柔和，金黄色的光线洒在大地上。
古蜀船棺合葬墓,,20,6,成都,19,0%,"成都古蜀船棺合葬墓位于四川省成都市商业街，为东周(公元前770年-公元前256)时期的一处多棺合葬的土坑竖穴墓。
墓坑长约30米，宽约21米，面积约600平方米。墓坑内现存14具船棺、独木棺葬具，其中大型葬具4具，长达10米以上，最大直径1．7米，其余为…"
营花照壁,,20,6,成都,467,0%,湖面的晨雾，轻轻飘浮，如梦如幻。
草玄亭,,20,6,成都,409,0%,雪后的松林，静谧祥和，银装素裹。
梦幻海洋馆,,20,6,成都,730,0%,山间的小溪，潺潺流水，清澈见底。
完美艺术展馆,,20,6,成都,707,0%,夜晚的星空，闪烁的星星，璀璨如梦。
杰瑞雕塑,,20,6,邛崃,341,0%,远行的船只，在海的尽头消失，留下一片梦幻。
平乐古镇漂流,,20,5,邛崃,24,0%,可以再漂流的同时体验多元的民族文化、浓郁的民俗风情。
永平堂,,20,5,成都,655,0%,雨后的山谷，清新脱俗，空气湿润。
青白江凤凰灯会展,,20,5,成都,577,0%,湖泊的早晨，轻雾缭绕，宁静致远。
双流机场大熊猫,,20,5,成都,961,0%,海边的船只，迎着晨光启航，希望的旅程。
畅廖阁,,20,4,成都,869,0%,山间的早晨，清新的空气，鸟语花香。
照壁,,20,4,成都,906,0%,晨雾缭绕，山间如同仙境一般。
毛毛岛(Furry land)宠物公园,,20,4,成都,970,0%,深秋时节，枫叶红了，像是山林间燃起的火焰。
成都市金牛区军队离退休干部服务管理中心茶店子服务站,,20,3,成都,482,0%,古城的黄昏，历史的痕迹，沉淀了岁月的静好。
陈家大院,,20,3,崇州,830,0%,秋天的森林，五彩缤纷，美不胜收。
月上桥,,20,3,成都,688,0%,湖边的清晨，水雾弥漫，如梦如幻。
黄龙溪-美庐,,20,3,成都,909,0%,夏日的草地，绿草茵茵，蝴蝶飞舞。
金沙遗址博物馆陈列馆-第四展厅千载遗珍,,20,3,成都,453,0%,炎热的午后，阵阵凉风，带来丝丝凉意。
杜鹃城遗址,Dujuancheng Ruins,20,2,都江堰,371,0%,深林之中，古木参天，生态丰富。
成都动物园-浣熊,,20,2,成都,675,0%,沙漠的黄昏，大地与天空同色，壮观迷人。
水欢欢,,20,2,成都,585,0%,晴朗的天空下，白云朵朵，如棉花糖。
环卫工人休息室,,20,2,成都,332,0%,沙滩上的晚霞，晚霞映红了整个天空，美轮美奂。
成都市双流区追蝶记蝴蝶标本博物馆,,20,2,成都,932,0%,林间小径，鲜花簇拥，步入其中如入花海。
躬耕园,,20,2,邛崃,801,0%,炎热的沙漠，广袤无垠，生命的顽强。
玉兔池,,20,1,成都,595,0%,草原上的野花开遍了每一个角落，如同大地的织锦。
怀远镇佛祖寺,,20,1,崇州,527,0%,晨曦的山峦，阳光洒满山间，光影交错。
大地魂,,20,1,金堂,894,0%,雨中的城市，清新而湿润，洗净尘埃。
天兴军工文化园,,20,1,成都,587,0%,沙漠中的绿洲，生机勃勃，绿意盎然。
猛龙出击互动墙,,20,1,成都,841,0%,雨中的城市，街道映着灯光，梦幻般的美。
游凤园,,20,1,成都,569,0%,雨中的街道，雨滴跳跃，清新洗净。
双凤桥,,20,1,成都,763,0%,小道蜿蜒，穿过一片片田野，每一步都是风景。
小月潭,,20,1,成都,910,0%,雪后山村，银装素裹，一片宁静。
大地魂,,20,1,成都,985,0%,秋高气爽的山间，风清气朗，心旷神怡。
刘氏庄园博物馆,Liu's Manor Museum,19,531,大邑,10,0%,国内保存最完好的地主庄园，庄内文物和泥塑“收租院”值得一看。
桂湖公园,Xindu Guihu Park,19,125,成都,362,0%,夜晚的城市，高楼大厦，灯火通明。
兰桂坊,Lan Kwai Fong Chengdu,19,109,成都,8,1%,成都夜生活的一个地标区域，充满国际范的酒吧街。。
彭州园,Pengzhou Garden,19,65,彭州,2,0%,春天的花丛，花香袭人，色彩斑斓。
国学大家王叔岷雕像,,19,15,成都,468,0%,雨后的山谷，清新脱俗，空气湿润。
天固真空,,19,15,崇州,464,0%,秋日的背包旅行，发现未知的美，丰富旅程。
龙泉驿地区店,,19,15,成都,490,0%,山谷间的回声，如同古老的歌谣，回荡在空中。
揭事堂,,19,15,成都,425,0%,热带海岛的早晨，海风习习，椰风海韵。
根艺展组委会,,19,15,成都,814,0%,草丛中的露水，晶莹剔透，清新自然。
东安阁,,19,15,成都,895,0%,山间的瀑布，水珠飞溅，清凉一夏。
踏水桥红枫林,,19,15,成都,444,0%,公园的秋日，落叶纷飞，金黄一片。
邛崃美术馆,,19,14,邛崃,742,0%,高山上的日落，晚霞如火，壮丽无比。
大地魂,,19,14,成都,878,0%,雨后的林间，空气清新，山色更翠。
澜木社区历程馆,,19,14,成都,364,0%,雨中的城市，街道湿润，清新的空气。
天府源,,19,14,都江堰,774,0%,雨后的彩虹，桥接天地，彩色的希望。
八仙亭,,19,14,邛崃,928,0%,秋天的田野，稻谷泛黄，金色的波浪。
白鹿中学-地震陡坎,,19,14,彭州,813,0%,晨雾缭绕，山间如同仙境一般。
龙门刨床模型,,19,14,成都,337,0%,秋高气爽的山间，风清气朗，心旷神怡。
转转(龙泉吾悦店),,19,13,成都,969,0%,雨后的林间，空气清新，山色更翠。
博鹤房车俱乐部,,19,13,成都,391,0%,炎热的沙漠，广袤无垠，生命的顽强。
赵渭滨烈士之墓,,19,13,成都,802,0%,夜晚的城市，高楼大厦，灯火通明。
小火车记忆公园,,19,13,彭州,789,0%,春天的花丛，花香袭人，色彩斑斓。
望蜀堂美术馆,,19,13,成都,940,0%,夜晚的星空，绚烂夺目，无限遐想。
绣园,,19,13,成都,644,0%,雨后的林间，空气清新，山色更翠。
工程立柱,,19,13,成都,881,0%,寒冷的冬天，温暖的火炉，家的温馨。
五桂四社・小公园,,19,12,成都,371,0%,热带雨林，充满生机，绿色覆盖每一寸土地。
成都慢条斯理文创食玩小院,,19,12,成都,650,0%,海上的日落，天际一片金红，壮丽的景象。
金沙滨河公园-亲水木平台,,19,12,成都,959,0%,秋天的田野，稻谷泛黄，金色的波浪。
兴义羊马河生态绿道,,19,12,成都,781,0%,夜晚的星空，满天星斗，宁静深远。
中国西部国际博览城6展厅,,19,12,成都,645,0%,草丛中的露水，晶莹剔透，清新自然。
长城炮,,19,11,大邑,644,0%,草原上的野花开遍了每一个角落，如同大地的织锦。
出售柏k竹竹梯,,19,11,成都,856,0%,深秋时节，枫叶红了，像是山林间燃起的火焰。
诗歌大道,,19,11,成都,726,0%,夜晚的海滩，海浪拍打，潮声阵阵。
含柳湿地,,19,11,成都,536,0%,雨中的街道，雨滴跳跃，清新洗净。
生生不息雕塑,,19,11,成都,995,0%,雪中的松树，枝头挂满雪花，银白世界。
金融强国馆,,19,11,大邑,456,0%,秋天的田野，稻谷泛黄，金色的波浪。
太极八卦台,,19,11,大邑,740,0%,山谷中的秋色，层林尽染，色彩斑斓。
西岭峡谷漂流,Xiling Canyon Drifting,19,10,大邑,131,0%,秋天的果实，硕果累累，丰收的喜悦。
王玉清浴室,,19,10,大邑,407,0%,春风拂面，花香四溢，满园春色。
愿学堂雕塑,,19,10,大邑,475,0%,冬日的雪景，白雪皑皑，银装素裹。
车耀先纪念馆,,19,10,成都,376,0%,秋天的树林，五彩缤纷，如诗如画。
一方小院,,19,10,成都,770,0%,秋风的午后，微风送爽，落叶飘飘。
日出观景点,,19,10,成都,967,0%,晨曦的山峦，阳光洒满山间，光影交错。
五根树,,19,10,彭州,307,0%,湖光山色，风景如画，美不胜收。
南湖梦幻岛滑翔飞翼,,19,9,成都,800,0%,草地上的野餐，享受自然的馈赠，家人的欢聚。
大梁烧坊,,19,9,邛崃,478,0%,秋日的湖边，湖面波光粼粼，风景如画。
天君寺,,19,9,成都,403,0%,山顶的云海，云蒸霞蔚，如在仙境。
御览舫,,19,9,成都,756,0%,高山的夜晚，繁星点点，宁静致远。
天源雕塑,,19,8,成都,770,0%,滨海的摩天轮，高高在上，俯瞰海景。
专业墓碑批发,,19,8,蒲江,363,0%,秋天的丰收，果实累累，田野一片金黄色。
万惠露营垂钓园,,19,8,成都,480,0%,秋天的森林，五彩缤纷，美不胜收。
万科高线公园星之境,,19,8,成都,436,0%,雨后的彩虹，桥接天地，彩色的希望。
衣冠庙,,19,8,成都,635,0%,森林中的小屋，幽静而安详，远离尘嚣。
陀螺雕塑,,19,8,邛崃,385,0%,冬季的森林，雪花飘落，银装素裹。
白河公园B区-三号桥,,19,8,成都,961,0%,晴天的云朵，轻盈飘逸，变换无穷。
明教寺觉皇殿,,19,7,成都,845,0%,秋天的丰收，果实累累，田野一片金黄色。
89款林肯加长版轿车,,19,7,大邑,945,0%,湖光山色，风景如画，美不胜收。
新都区新都街道红星村便民服务室,,19,7,成都,989,0%,晨雾缭绕，山间如同仙境一般。
春山云霭,,19,7,成都,792,0%,夜晚的星空，满天星斗，宁静深远。
唐王坝牌坊,,19,7,大邑,940,0%,湖面上的划船，轻轻摇曳，平静的水面。
碧山庙,,19,7,金堂,667,0%,秋高气爽的山间，风清气朗，心旷神怡。
杉林湾栈道,,19,7,成都,397,0%,雨后的山谷，清新脱俗，空气湿润。
女人街星河园,,19,6,都江堰,711,0%,春日的公园，花开如海，美不胜收。
鹤山大佛,,19,6,邛崃,740,0%,海边的日落，余晖洒满海面，金光闪闪。
棋如人生-平台景观,,19,6,成都,717,0%,雨中的城市，清新而湿润，洗净尘埃。
樱花园,,19,6,成都,591,0%,沙漠的黄昏，大地与天空同色，壮观迷人。
智慧生存沉浸式体验馆,,19,6,成都,594,0%,秋日的湖边，湖面波光粼粼，风景如画。
鸢歌森林,,19,6,成都,521,0%,夜空中的月亮，皎洁明亮，如冰似玉。
永庆殿,,19,6,成都,512,0%,晨雾中的古桥，宛如通往另一个世界的门户。
草堂木艺馆,,19,6,成都,433,0%,湖面的夜色，月光倒映，静谧优美。
游客诗墙,,19,6,成都,454,0%,夕阳西下，晚霞如火如荼地燃烧。
泡桐树小学西区-城市学校少年宫,,19,6,成都,579,0%,清晨的露水闪烁着光芒，如同镶嵌在绿叶上的珍珠。
成都金鸡沟,,19,5,邛崃,23,0%,竹林茂盛，空气清新。
禅舫,,19,5,成都,470,0%,海滨城市的夜景，灯火辉煌，如梦如幻。
文君故里牌坊,,19,5,邛崃,798,0%,露天音乐会，音乐与自然的融合，激动人心。
怡心亭,,19,5,成都,310,0%,微风拂过，带来了沁人心脾的花香，令人陶醉。
致强儿童成长中心,,19,5,成都,546,0%,晨光中的湖畔，湖面波光粼粼，宁静致远。
青白江遗址公园,,19,5,成都,396,0%,夜晚的星空，绚烂夺目，无限遐想。
中海体育公园,,19,4,成都,259,0%,中海体育公园面积广阔，里面有篮球场、网球场、供人健身的户外器材等体育设施，可以为附近居民提供搞露天烧烤。
青城前山景区-观光车终点站,,19,4,都江堰,584,0%,秋日的湖边，湖面波光粼粼，风景如画。
蝴蝶吟,,19,4,金堂,998,0%,雪后的松林，静谧祥和，银装素裹。
叠檐如故,,19,4,成都,826,0%,秋天的树林，五彩缤纷，如诗如画。
华严寺,,19,4,金堂,339,0%,满天的云彩，变幻莫测，如同大自然的画笔。
萤火虫观赏点,,19,4,邛崃,714,0%,深秋时节，枫叶红了，像是山林间燃起的火焰。
江安河生态公园,,19,4,成都,862,0%,晴朗的夜晚，满天星斗，璀璨夺目。
猪坚强遗址,,19,4,彭州,869,0%,炎热的沙漠，广袤无垠，生命的顽强。
生态湖,,19,3,成都,336,0%,沙漠中的绿洲，如同沙海中的明珠，珍贵而美丽。
刘文辉卧室,,19,3,大邑,854,0%,山顶上的草原，风吹草低见牛羊，广阔无垠。
穿名堂,,19,3,大邑,777,0%,山顶的云海，云蒸霞蔚，如在仙境。
白塔寺-斋堂,,19,3,崇州,462,0%,山间的早晨，清新的空气，鸟语花香。
易道乾坤,,19,3,成都,900,0%,雨后的彩虹，桥接天地，彩色的希望。
理想公社露营地,,19,3,成都,950,0%,丘陵上的风车，随风旋转，景色独特。
奇遇纯正法国普罗雅庭薰衣草花田,,19,3,成都,769,0%,旅途中的随机小镇，充满了本地色彩，别具一格。
迷你荷塘,,19,2,成都,615,0%,寒冬腊月，白雪皑皑，覆盖了大地。
西岭雪山景区-日出观景平台,,19,2,大邑,451,0%,冬季的雪景，银装素裹，世界变得宁静。
王叔岷展览馆,,19,1,成都,366,0%,湖面的夜色，月光倒映，静谧优美。
四顾乾坤,,19,1,成都,773,0%,霜降时节，白霜覆盖一切，如同银色的世界。
浣花深处,,19,1,成都,392,0%,湖泊的早晨，轻雾缭绕，宁静致远。
四川省社区儿童社会实践活动基地,,19,1,成都,350,0%,冬季的河流，冰封河面，静谧无声。
岷江,,19,1,成都,983,0%,雪后的松林，静谧祥和，银装素裹。
观音寺,,19,1,金堂,389,0%,夏日的泳池，清凉解暑，水中乐趣。
通龙桥,,19,1,成都,742,0%,海边的晚霞，晚霞映红了整个天空，美轮美奂。
同心亭,,19,1,蒲江,749,0%,寒冷的冬天，温暖的火炉，家的温馨。
明仙曹真人之墓,,19,1,都江堰,306,0%,冬季的河流，冰封河面，静谧无声。
成都U37创意仓库,Chengdu U37 Creative Warehouse,18,116,成都,22,0%,夜晚的灯塔，发出的光芒，引导着远航者。
府南河活水公园,"Live-water Park, Chengdu",18,80,成都,125,0%,远方的群山，层层叠叠，笼罩在薄雾中。
怀远镇,Huaiyuan Ancient Town,18,43,崇州,7,0%,1600年历史的古镇，几乎家家都是编织的能工巧匠。
古城遗址,Ancient City Site of Pi County,18,35,成都,2,0%,寒冷的冬天，温暖的火炉，家的温馨。
成都裸眼3D大屏,,18,15,成都,658,0%,平原上的稻田，金黄一片，秋季的收获。
爱心亭,,18,15,成都,869,0%,雨后的林间，空气清新，山色更翠。
桂花苑.半山坡露营地,,18,15,都江堰,626,0%,晴朗的天空下，白云朵朵，如棉花糖。
宝山塔陵园,,18,14,都江堰,721,0%,热带雨林的午后，热气腾腾，生机勃勃。
五福故径,,18,14,成都,578,0%,山间的小溪，潺潺流水，清澈见底。
石像生,,18,14,成都,361,0%,山涧的溪水，清澈见底，泉声叮咚。
鸭小七赶海公园,,18,14,成都,397,0%,热带雨林，充满生机，绿色覆盖每一寸土地。
杰瑞阅读馆,,18,14,成都,917,0%,雪中的松树，枝头挂满雪花，银白世界。
露营融合烧烤集合地,,18,14,都江堰,565,0%,山间的小溪，清澈见底，水声潺潺。
农耕文化陈列室,,18,14,崇州,319,0%,满天的云彩，变幻莫测，如同大自然的画笔。
紫坪埔观景台,,18,14,都江堰,339,0%,沙滩上的晚霞，晚霞映红了整个天空，美轮美奂。
回龙寺,,18,14,大邑,845,0%,小桥流水，人家更显得安详宁静。
林则徐雕塑,,18,13,成都,925,0%,山间的石阶，通往古寺，静谧神圣。
韩愈雕塑,,18,13,成都,860,0%,霜降时分，晶莹的霜花装饰着窗户，美轮美奂。
颠倒艺术馆,,18,13,成都,485,0%,秋高气爽的山间，风清气朗，心旷神怡。
草堂戏剧社,,18,12,成都,340,0%,深秋时节，枫叶红了，像是山林间燃起的火焰。
江渎祠铜像,,18,12,成都,733,0%,霜降时节，白霜覆盖一切，如同银色的世界。
刘备纪念亭,,18,12,成都,496,0%,山间的瀑布，水珠飞溅，清凉一夏。
国家农业公园项目示范区,,18,12,都江堰,618,0%,秋天的树林，五彩缤纷，如诗如画。
世界园艺博览会温江分会场,,18,11,成都,510,0%,公园的傍晚，散步的人们，一天的结束。
青龙岗,,18,11,邛崃,644,0%,湖光山色，风景如画，美不胜收。
戟门,,18,11,崇州,539,0%,秋日的林间小路，落叶铺满，黄金大道。
四川省委党校-图书馆,,18,10,成都,737,0%,雨中的城市，清新而湿润，洗净尘埃。
天艺美术馆,,18,10,成都,858,0%,海边的日落，余晖洒满海面，金光闪闪。
香河谷公园,,18,10,成都,766,0%,露天音乐会，音乐与自然的融合，激动人心。
蛙潭,,18,9,大邑,829,0%,露天电影夜，星空下的电影，别有一番风味。
都江堰市全民阅读中心,,18,9,都江堰,993,0%,雨后的山谷，清新脱俗，空气湿润。
楠林古院,,18,9,邛崃,662,0%,森林中的小屋，幽静而安详，远离尘嚣。
桃源时光轴,,18,9,成都,518,0%,炎热的沙漠，广袤无垠，生命的顽强。
农耕时代,,18,9,邛崃,518,0%,雨后的彩虹，横跨天际，绚烂夺目。
四川省体育馆,,18,8,成都,119,0%,其醒目的彩蝶式建筑造型是成都市的标志性建筑之一，它更是象征着四川省体育事业的腾飞。
周大塘,Zhoudatang,18,8,蒲江,418,0%,雨后的林间，空气清新，山色更翠。
老地下党员周懋仁的展览馆,,18,8,彭州,317,0%,山川壮丽，江河绵延，自然的伟力展露无遗。
中国博物馆-小镇,,18,8,大邑,578,0%,沙滩上的晚霞，晚霞映红了整个天空，美轮美奂。
八荒野肆露营地,,18,7,成都,847,0%,山顶的云海，云蒸霞蔚，如在仙境。
Verna艺术馆,,18,7,成都,314,0%,露天的茶座，品味茶香，享受宁静。
生命绿岛,,18,7,成都,590,0%,冬季的北国，雪地里的宁静，白雪皑皑。
罗伯特肖特雕塑,,18,7,大邑,854,0%,雨后的林间，空气清新，山色更翠。
易道乾坤,,18,7,成都,859,0%,湖面的晨雾，轻轻飘浮，如梦如幻。
鹅鹅山小院,,18,7,成都,879,0%,沙漠中的日落，壮观而神秘，光影交错。
欧漫农博园,,18,7,成都,973,0%,雨中的街道，雨滴跳跃，清新洗净。
亚成年大熊猫别墅A区,,18,7,成都,910,0%,湖面上的划船，轻轻摇曳，平静的水面。
人间烟火艺术展,,18,7,成都,358,0%,雨中的城市，街道映着灯光，梦幻般的美。
桐梓林社区文化活动室,,18,6,成都,591,0%,沙漠中的绿洲，生机勃勃，绿意盎然。
许多农游乐园,,18,6,金堂,948,0%,晨光中的露水，闪烁着银光，点缀在草尖上。
伎乐群雕,,18,6,成都,915,0%,河畔的春天，绿树成荫，鸟语花香。
犀浦街道综合性文化服务中心,,18,6,成都,966,0%,花海中漫步，色彩斑斓，如置身梦境。
迷鹿森林,,18,6,成都,403,0%,沙漠的黄昏，大地与天空同色，壮观迷人。
天主堂,,18,6,成都,344,0%,秋天的树林，五彩缤纷，如诗如画。
东方汉字博物馆,,18,6,成都,871,0%,夜晚的露台，望着繁星，思绪万千。
安仁古镇-观光车安仁坝子站,,18,5,大邑,340,0%,早晨的海面，日光照射，波光粼粼。
凤溪河,,18,5,成都,458,0%,晨曦的山峦，阳光洒满山间，光影交错。
红岩谷,,18,5,彭州,352,0%,海边的烧烤，美味与欢声笑语，美好的夜晚。
三磊关,,18,5,大邑,597,0%,雪中的松树，枝头挂满雪花，银白世界。
农耕文化博物馆,,18,5,成都,998,0%,沙滩上的晚霞，晚霞映红了整个天空，美轮美奂。
花语桥,,18,5,成都,662,0%,荒野之中，生机勃勃，绿意盎然。
汉医山门,,18,4,成都,334,0%,山间的云雾，缥缈间，仿佛仙境。
草堂诗社,,18,4,成都,881,0%,公园的早晨，晨练的人们，生活的节奏。
城西清波体育公园,,18,4,成都,545,0%,山谷中的秋色，一片金黄，美不胜收。
书山阅也儿童绘本研读馆,,18,3,成都,758,0%,春天的田野，绿草如茵，花开满野。
麦里花园,,18,3,成都,690,0%,河流的傍晚，晚霞映照，水天一色。
转转,,18,3,成都,912,0%,春天的田野，绿草如茵，花开满野。
熊猫运动公园,,18,3,彭州,436,0%,雨后的山谷，清新脱俗，空气湿润。
四川交通运输职业学校(红牌楼校区)-图书馆,,18,3,成都,451,0%,湖光山色，风景如画，美不胜收。
柏萃湖,,18,2,成都,896,0%,高山之巅，空气清新，视野开阔。
神宗堂,,18,2,成都,629,0%,沙滩上的日落，大海和夕阳同辉，景色迷人。
成都动物园-马鹿,,18,2,成都,509,0%,雨后的山谷，清新脱俗，空气湿润。
望月亭,,18,2,大邑,655,0%,山谷中的秋色，层林尽染，色彩斑斓。
李家钰将军陈列室,,18,2,蒲江,409,0%,山间的小溪，潺潺流水，清澈见底。
怀圣亭,,18,2,成都,726,0%,海边的晨光，海浪轻拍，阳光金灿。
混元殿,,18,1,成都,784,0%,秋风的午后，微风送爽，落叶飘飘。
成都熊猫基地密林金丝猴馆,,18,1,成都,755,0%,山间的野餐，享受着自然的馈赠，快乐无比。
罨画旗袍,,18,1,崇州,307,0%,山间的石阶，通往古寺，静谧神圣。
博一外墙,,18,1,成都,996,0%,夜晚的海滩，海浪拍打，潮声阵阵。
五感花园,,18,1,成都,485,0%,秋天的果实，硕果累累，丰收的喜悦。
春熙路,Chunxi Road,17,1761,成都,967,0%,成都最具代表性的商业街，逛逛商场，吃吃小吃，打望美女。
都江堰中华大熊猫苑(原熊猫乐园),Dujiangyan China Giant Panda Garden (formerly known as Panda Paradise),17,415,都江堰,6,0%,有许多萌萌的大熊猫，是一个亲子游的好地方。
四川建川博物馆聚落,Museum Cluster Jianchuan,17,393,大邑,2,0%,国内最大的民间博物馆群，以抗战系列闻名，各展馆建筑风格各异。
中国川菜文化体验馆,China Sichuan Cuisine Culture Museum,17,41,成都,1,0%,秋天的果实，硕果累累，丰收的喜悦。
潘公仲三之墓,,17,15,成都,978,0%,冬季的河流，冰封河面，静谧无声。
转转,,17,15,成都,482,0%,秋天的丰收，果实累累，田野一片金黄色。
戏水湖,,17,15,成都,457,0%,湖边的清晨，水雾弥漫，如梦如幻。
野鸭湖营地,,17,15,成都,562,0%,河流的倒影，如同绘画，美不胜收。
中国西部食用菌博览园,,17,15,成都,993,0%,沙漠的早晨，日出东方，光芒四射。
门柱旋转遗迹,,17,15,都江堰,470,0%,炎热的午后，阵阵凉风，带来丝丝凉意。
阳光乐园,,17,15,成都,932,0%,高山上的日落，晚霞如火，壮丽无比。
西部客家博物馆-源流篇,,17,15,成都,846,0%,秋日的湖边，湖面波光粼粼，风景如画。
武侯皮革城-光明顶会议中心,,17,14,成都,914,0%,晨跑的小道，清新的空气，充满活力。
安靖街道便民服务中心,,17,14,成都,645,0%,雨中的城市，清新而湿润，洗净尘埃。
成都大熊猫基地山丘小熊猫馆,,17,14,成都,546,0%,公园的早晨，晨练的人们，生活的节奏。
黎氏墓业,,17,14,彭州,305,0%,深秋时节，枫叶红了，像是山林间燃起的火焰。
刘慈欣科幻漫画宇宙主题展(成都站),,17,14,成都,817,0%,寒冷的冬日，暖阳透过云层，温暖如春。
听江小学校乡村学校少年宫,,17,14,崇州,304,0%,梦幻的海岛，碧海蓝天，美不胜收。
中国西部国际博览城国际展览展示中心2厅,,17,14,成都,637,0%,春日的樱花，粉嫩花瓣，如云似霞。
桅杆坡,,17,13,彭州,519,0%,晨雾中的古桥，宛如通往另一个世界的门户。
风雨廊桥,,17,13,成都,836,0%,峡谷之中，回声悠长，仿佛在诉说着古老的传说。
建行林,,17,13,都江堰,655,0%,山顶上的草原，风吹草低见牛羊，广阔无垠。
萌宠星球,,17,13,成都,802,0%,潮湿的雨林中，瀑布轰鸣，水汽弥漫。
凤凰山体育公园-五环广场,,17,13,成都,842,0%,海上的日落，天际一片金红，壮丽的景象。
蓝色星球,,17,13,成都,492,0%,炎热的午后，阵阵凉风，带来丝丝凉意。
红军长征纪念馆,Red Army Long Long March Memorial Hall,17,12,邛崃,18,0%,古老的城墙，见证了历史的变迁，依然屹立不倒。
秀水三韵,Xiushui Sanyun Scenic Spot,17,12,邛崃,10,0%,湖面的晨雾，轻轻飘浮，如梦如幻。
四川省图书馆思进・悦读新空间,,17,12,成都,854,0%,河畔的夜晚，月光下的河流，静谧而美丽。
西南民族大学-美术馆,,17,12,成都,819,0%,山脉的轮廓，在日落时分显得格外清晰。
冬季吸烟室,,17,12,大邑,915,0%,绿色的田野上，风吹麦浪，波光粼粼。
青海省成都干休所,,17,12,成都,367,0%,山涧的溪水，清澈见底，泉声叮咚。
珠岛,,17,12,蒲江,730,0%,草丛中的露珠，犹如清晨的眼泪，清新而纯洁。
王宝儿山,,17,12,成都,872,0%,春天的花丛，花香袭人，色彩斑斓。
扬雄墓,Tomb of Yang Xiong,17,11,成都,7,0%,高山的夜晚，繁星点点，宁静致远。
放水大典道解都江堰,,17,11,都江堰,905,0%,花园中的蝴蝶，翩翩起舞，色彩斑斓。
成都第六离职干部休养所,,17,11,成都,414,0%,春天的田野，绿草如茵，花开满野。
和尚崖红军战壕遗址,,17,11,邛崃,825,0%,山间的小溪，潺潺流水，清澈见底。
海盗船,,17,11,邛崃,592,0%,河流的倒影，如同绘画，美不胜收。
新见书山彩虹观景桥,,17,11,成都,527,0%,炊烟袅袅，升起在清晨的乡村，带来家的味道。
3区亲子阅读空间,,17,11,成都,880,0%,湖面的夜色，月光倒映，静谧优美。
成都市新津区工人文化宫职工文化活动中心,,17,11,成都,667,0%,冰川在阳光的照射下闪耀着光芒，宛如世界的尽头。
黑水河省级自然保护区,,17,11,大邑,892,0%,星光灿烂，银河横跨夜空，闪烁着光芒。
妙吉祥艺术院,,17,11,成都,705,0%,河岸的石头，经过水流的冲刷，光滑如镜。
成都理工大学恐龙数字博物馆,,17,10,成都,241,0%,成都理工学院博物馆是一座以地学为主的自然博物馆，至今已有三十多年历史。分设有恐龙、古生物、矿物、岩石、观赏石及宝石宝玉等10个展室，全馆面积2600平方米，馆藏5万余件各类标本藏品，每年接待观众达6万余人次，是中国西部最大的地学类自然博物…
清真寺,,17,10,成都,102,0%,位于成都市鼓楼南街。始建于明洪武八年（1375年），清雍正、乾隆时曾予大修，该寺坐西朝东，原建筑规模甚大，1941年邦克楼及木牌坊等被日机炸毁。现存主要建筑为礼拜殿，长方形，面阔3间，宽16．86米，进深7间，深31．55米，内置金柱二列，周围用双…
飞龙湖,,17,10,成都,848,0%,晨曦的山峦，阳光洒满山间，光影交错。
鸡公树山摩崖造像,,17,10,蒲江,413,0%,山间的瀑布，水珠飞溅，清凉一夏。
武阳茶谷区,,17,10,成都,574,0%,沙漠中的绿洲，生机勃勃，绿意盎然。
夏河溪景区,,17,10,成都,594,0%,山顶的石碑，记录着历史的痕迹，坚固耐久。
极乐福地,,17,10,成都,962,0%,夏日的草地，绿草茵茵，蝴蝶飞舞。
天鹅公园,,17,10,成都,524,0%,夜晚的星空，闪烁的星星，璀璨如梦。
江安河,,17,9,成都,586,0%,湿地的候鸟，翱翔于天际，自由自在。
青城山味江陵园(星萝路),,17,9,成都,463,0%,晨曦的山峦，阳光洒满山间，光影交错。
听风,,17,9,崇州,420,0%,海边的晨光，海浪轻拍，阳光金灿。
小上海,,17,9,成都,341,0%,湖泊的早晨，轻雾缭绕，宁静致远。
移花宫,,17,9,成都,967,0%,春天的樱花，如云似霞，满树繁花。
画游千里江山-故宫沉浸艺术展(成都凤凰数字艺术中心),,17,9,成都,356,0%,冬日的雪景，白雪皑皑，银装素裹。
观舍,,17,9,崇州,381,0%,湖面的晨雾，轻轻飘浮，如梦如幻。
林涛石涧,,17,9,成都,440,0%,河畔的春天，绿树成荫，鸟语花香。
井亭,,17,8,成都,665,0%,绿色的田野上，风吹麦浪，波光粼粼。
邻德廊,,17,8,成都,426,0%,春天的田野，绿草如茵，花开满野。
西厢房,,17,8,成都,398,0%,旅途中的随机小镇，充满了本地色彩，别具一格。
化蝶图书馆(新津店),,17,8,成都,929,0%,湖面的夜色，月光倒映，静谧优美。
楠木青年农场纪念地,,17,8,彭州,942,0%,峡谷之中，回声悠长，仿佛在诉说着古老的传说。
龚自珍雕塑,,17,8,成都,653,0%,山川壮丽，江河绵延，自然的伟力展露无遗。
半山秘境,,17,8,彭州,802,0%,雪后山村，银装素裹，一片宁静。
钱币文化社科普及体验区,,17,8,大邑,864,0%,雨后的彩虹，桥接天地，彩色的希望。
省耕楼,,17,8,都江堰,728,0%,山脉的清晨，云雾环绕，如仙境一般。
盐店古城,,17,8,大邑,341,0%,湖边的清晨，水雾弥漫，如梦如幻。
华年寺,,17,8,都江堰,969,0%,古镇的石桥，见证了千年的流转，依旧坚固。
钟楼,,17,8,成都,710,0%,冬季的森林，雪花飘落，银装素裹。
浪漫之门,,17,7,成都,559,0%,秋日的湖边，湖面波光粼粼，风景如画。
楠木林露营地,,17,7,大邑,640,0%,公园的秋日，落叶纷飞，金黄一片。
团结水库,,17,6,金堂,596,0%,雨中的城市，街道湿润，清新的空气。
清清山水露营点,,17,6,都江堰,449,0%,湖泊的早晨，轻雾缭绕，宁静致远。
地窖,,17,6,大邑,636,0%,冬日的雪景，白雪皑皑，银装素裹。
萝波肖像,,17,6,成都,689,0%,冬季的森林，雪花飘落，银装素裹。
天际线房车主题餐厅,,17,6,成都,787,0%,山涧的溪水，清澈见底，泉声叮咚。
中国西部国际博览城14展厅-16展厅,,17,6,成都,350,0%,海边的晨光，海浪轻拍，阳光金灿。
元通寺,,17,6,彭州,837,0%,早晨的阳光穿透雾气，照亮了整个山谷。
中国象棋主题文化公园,,17,5,金堂,517,0%,夜晚的露营地，篝火晚会，温馨而快乐。
凯旋门,,17,5,成都,357,0%,夜晚的星空，闪烁的星星，璀璨如梦。
第一院,,17,5,大邑,744,0%,晨雾中的古桥，宛如通往另一个世界的门户。
飞越四川(春熙路RE:X店),,17,5,成都,628,0%,秋天的森林，五彩缤纷，美不胜收。
王爷庙,,17,5,彭州,929,0%,潮湿的雨林中，瀑布轰鸣，水汽弥漫。
妙泉,,17,5,都江堰,774,0%,湖面的夜色，月光倒映，静谧优美。
万里子桥,Wanlizi Bridge,17,4,成都,30,0%,夜晚的城市，灯火辉煌，如同星辰落入人间。
平安钟,,17,4,成都,510,0%,沙滩上的日落，大海和夕阳同辉，景色迷人。
猎鹰战神夏令营(成都基地),,17,4,成都,654,0%,雨后的彩虹，桥接天地，彩色的希望。
五代前蜀皇帝王建谥宝石雕,,17,4,成都,635,0%,山涧的溪水，清澈见底，泉声叮咚。
成都市青羊区草堂街道办事处草堂路社区少年宫,,17,4,成都,966,0%,秋天的果实，硕果累累，丰收的喜悦。
健身活动室,,17,4,成都,478,0%,湖光山色间的小舟，缓缓行驶，悠闲自得。
三道堰乐水公园游乐场,,17,4,成都,569,0%,冬日的雪景，白雪皑皑，银装素裹。
3D彩绘台阶,,17,4,成都,352,0%,小道蜿蜒，穿过一片片田野，每一步都是风景。
云梯车,,17,3,成都,641,0%,湖面上的划船，轻轻摇曳，平静的水面。
芳华紫藤,,17,3,成都,478,0%,冬季的河流，冰封河面，静谧无声。
桂溪湿地公园东区木立方,,17,3,成都,718,0%,秋高气爽的日子，天高云淡，心旷神怡。
大梁古井,,17,3,邛崃,801,0%,夜晚的城市，灯火辉煌，如同星辰落入人间。
蜀王桥,,17,3,彭州,931,0%,山间的早晨，清新的空气，鸟语花香。
玉河村湿地公园,,17,3,成都,776,0%,河畔的垂柳，轻拂水面，添了几分柔情。
芯谷展示中心,,17,2,成都,886,0%,湖边的清晨，水雾弥漫，如梦如幻。
湾滩,Wantan,17,2,蒲江,328,0%,露珠在花瓣上滚动，晶莹剔透，犹如珍珠。
禅依堂,,17,2,成都,929,0%,湖面的夜色，月光倒映，静谧优美。
新三亚职工之家,,17,2,邛崃,576,0%,沙滩上的脚印，记录着旅人的足迹，故事连连。
非物质文化遗产(贝森兴苑小区店),,17,2,成都,877,0%,沙滩上的晚霞，晚霞映红了整个天空，美轮美奂。
禅师台,,17,2,都江堰,868,0%,秋日的湖边，湖面波光粼粼，风景如画。
五云楼,,17,2,成都,822,0%,梅雨季节的竹林，绿意盎然，雨滴点点。
孝善博物馆,,17,2,金堂,789,0%,高山流水，回荡着清脆的琴声，悠扬入耳。
八角亭,,17,2,成都,376,0%,山顶的日出，晨光破晓，希望的开始。
清水沟,,17,2,成都,973,0%,秋天的森林，五彩缤纷，美不胜收。
非物质文化遗产公园B区,,17,2,成都,497,0%,露营时的星空，无边无际，宁静致远。
洛带古镇-聚龙会馆,,17,1,成都,408,0%,山脉的清晨，云雾环绕，如仙境一般。
三教庵,,17,1,崇州,371,0%,秋风的午后，微风送爽，落叶飘飘。
成都市青白江区大弯街道大弯社区青少年之家,,17,1,成都,724,0%,秋天的果实，硕果累累，丰收的喜悦。
惠里戏台,,17,1,成都,980,0%,晨雾中的古桥，宛如通往另一个世界的门户。
昭觉寺,Zhaojue Temple,16,205,成都,55,0%,与成都动物园相邻，当地著名的古寺庙，有川西“第一禅林”之称。
成都博物馆,Chengdu Museum,16,158,成都,94,0%,湖面的晨雾，轻轻飘浮，如梦如幻。
花水湾第一村温泉,Huashuiwan First Village Hot Spring Hotel,16,158,大邑,13,0%,毗邻西岭雪山的大型温泉。
四川旅游学院-休闲美食文化园,,16,15,成都,438,0%,雨后的山谷，清新脱俗，空气湿润。
刘泽军盆景园,,16,15,成都,640,0%,夜晚的星空，闪烁的星星，璀璨如梦。
KAKASTEAM+科技馆,,16,15,成都,580,0%,公园的秋日，落叶纷飞，金黄一片。
甘御兰铁皮石斛养生旅游基地,,16,15,金堂,493,0%,春日的樱花，粉嫩花瓣，如云似霞。
红军长征浮雕墙,,16,15,邛崃,487,0%,沙漠的日落，天边一抹残阳，如火如血。
寻根问祖,,16,15,都江堰,472,0%,湖边的清晨，水雾弥漫，如梦如幻。
余家垭口,,16,15,都江堰,754,0%,海边的晨光，海浪轻拍，阳光金灿。
四川天府新区万安街道国防双拥微游园,,16,14,成都,644,0%,夏日的草地，绿意盎然，充满活力。
沙河电影院原址地标,,16,14,成都,414,0%,湖边的垂柳，姿态优美，添了几分诗意。
宝藏湖泊区,,16,14,成都,548,0%,沙漠中的日落，壮观而神秘，光影交错。
聚贤堂,,16,14,邛崃,497,0%,海边的日落，余晖洒满海面，金光闪闪。
友爱街道徐家大院老宅,,16,14,成都,333,0%,夜幕下的城市，灯火辉煌，繁星似的街灯。
九九勇士军事夏令营,,16,13,成都,771,0%,湖边的清晨，水雾弥漫，如梦如幻。
特里雕塑,,16,13,成都,478,0%,秋高气爽的山间，风清气朗，心旷神怡。
草堂传统服装社,,16,13,成都,808,0%,春天的花丛，花香袭人，色彩斑斓。
石塔区苏维埃政府旧址,,16,13,邛崃,390,0%,绿色的田野上，风吹麦浪，波光粼粼。
成都新都区木兰山露营山庄,,16,13,成都,743,0%,夏日的河边，垂柳依依，清凉宜人。
麻风顶,,16,13,成都,893,0%,夏日的草地，绿草茵茵，蝴蝶飞舞。
悦宝滑步车,,16,12,大邑,404,0%,潮湿的海滩，细软的沙粒，海浪的歌声。
东苑,,16,12,都江堰,998,0%,农村的晨曦，炊烟袅袅，生活的味道。
绪风坪,,16,12,成都,549,0%,山间的瀑布，水珠飞溅，清凉一夏。
别趣露营小森林露营地,,16,12,成都,480,0%,山川壮丽，江河绵延，自然的伟力展露无遗。
西部国际工业博览中心,,16,11,成都,588,0%,春风拂面，花香四溢，满园春色。
山水龙门,,16,11,彭州,997,0%,秋日的阳光，温暖而柔和，金黄色的光线洒在大地上。
张牛河公园,,16,11,成都,756,0%,海滨城市的夜景，灯火辉煌，如梦如幻。
深业四季华庭公园,,16,11,成都,878,0%,雨后的彩虹，桥接天地，彩色的希望。
弧形草坡,,16,11,成都,400,0%,湖面的晨雾，轻轻飘浮，如梦如幻。
竹里牧茶研学基地,,16,10,崇州,362,0%,夜幕下的城市，灯火辉煌，繁星似的街灯。
社区活动室,,16,10,成都,301,0%,秋高气爽的山间，风清气朗，心旷神怡。
罨画水月,,16,10,成都,834,0%,夜晚的星空，绚烂夺目，无限遐想。
FoxRiver狐河露营(新都店),,16,10,成都,845,0%,森林的小径，幽静而神秘，探索的乐趣。
东林寺,,16,10,成都,836,0%,湖边的清晨，水雾弥漫，如梦如幻。
山门,,16,9,邛崃,12,0%,山门总高50m，由中国书法十大评委之一的何应辉先生题字。从选材上看，山门主要采用天台山本土红砂石条为原料建成，从造型上看，它主体呈现圆柱型，总体气势浩大，古朴大方、耐人寻味。圆柱造型是我国古代“天圆地方”思想的体现，三台结构则象征了…
开元村文化服务中心,,16,9,成都,667,0%,山顶的日出，阳光洒满大地，希望的光芒。
草堂南邻,,16,9,成都,351,0%,秋天的果实，硕果累累，丰收的喜悦。
抗战文物陈列-中流砥柱,,16,9,大邑,733,0%,远山如黛，层峦叠嶂，青绿交织。
戏台,,16,9,大邑,892,0%,晨光中的露水，闪烁着银光，点缀在草尖上。
久居福篮球公园,,16,9,成都,463,0%,草原上的野花开遍了每一个角落，如同大地的织锦。
霸王龙雕塑,,16,9,崇州,918,0%,春天的樱花，如云似霞，满树繁花。
对牛弹琴雕塑,,16,9,邛崃,852,0%,河畔的春天，绿树成荫，鸟语花香。
喜雨亭,,16,8,成都,464,0%,秋风吹过，落叶满地，金黄一片。
小火车,,16,8,成都,818,0%,海浪拍岸，发出阵阵响声，激荡人心。
汇康跑步机,,16,8,成都,348,0%,雨中的街道，雨滴跳跃，清新洗净。
搭伙儿CHAOS,,16,8,成都,567,0%,瀑布飞流直下，水雾飘渺，景色壮观。
莲花池,,16,8,成都,508,0%,湖边的垂柳，姿态优美，添了几分诗意。
三生石上桃花缘,,16,8,成都,339,0%,山林中的小屋，宁静祥和，逃离都市的喧嚣。
锦官新城社区综合文化活动室,,16,8,成都,874,0%,春日的樱花，粉嫩花瓣，如云似霞。
好就宣传中心,,16,8,成都,761,0%,湖边的清晨，水雾弥漫，如梦如幻。
那丘NaturalSoul露营地,,16,8,成都,932,0%,露营时的星空，无边无际，宁静致远。
中国博物馆,,16,7,大邑,770,0%,秋天的林道，落叶铺满，步履如歌。
帕帕拉兹爬宠博物馆,,16,7,成都,647,0%,河流在城市中穿行，像一条闪亮的丝带。
城隍庙,,16,7,邛崃,594,0%,冬季的北国，雪地里的宁静，白雪皑皑。
院士林,,16,6,成都,723,0%,湖光山色，相映成趣，风景如画。
廉政碑廊,,16,6,邛崃,705,0%,草丛中的露水，晶莹剔透，清新自然。
金堂县图书馆,,16,6,金堂,814,0%,湖边的清晨，水雾弥漫，如梦如幻。
栖海银滩,,16,6,彭州,755,0%,早晨的阳光穿透雾气，照亮了整个山谷。
博新全宇宙-消失的法老,,16,6,成都,821,0%,秋季的登山，攀登高峰，俯瞰世界。
SANFO HOOD成都兴隆湖畔营地,,16,5,成都,863,0%,迷雾中的山峰，神秘莫测，引人探索。
草堂岁月,,16,5,成都,750,0%,滑雪场的冬日，雪地里的速度与激情，寒冷中的热情。
沙河沟,,16,5,金堂,883,0%,夜空中的月亮，皎洁明亮，如冰似玉。
芙蓉园,,16,5,成都,937,0%,夏夜的星空，繁星点点，如梦如幻。
关圣宫,,16,5,金堂,674,0%,高原的湖泊，湛蓝如宝石，清澈见底。
福音堂,,16,5,金堂,700,0%,清晨的田野上，露珠闪烁，一派生机盎然。
羚羊馆,,16,5,成都,735,0%,山间的早晨，清新的空气，鸟语花香。
九里南园,,16,5,成都,346,0%,秋风的午后，微风送爽，落叶飘飘。
黑白猫广告LED显示屏钢构,,16,4,成都,537,0%,平原上的稻田，金黄一片，秋季的收获。
博客里院,,16,4,成都,686,0%,瀑布从高崖上直泻而下，声如雷鸣，气势磅礴。
环游世界,,16,4,成都,759,0%,山顶的日出，阳光洒满大地，希望的光芒。
钟楼,,16,4,成都,473,0%,夜晚的星空，绚烂夺目，无限遐想。
茶花观赏点,,16,4,邛崃,588,0%,花园中的蝴蝶，翩翩起舞，色彩斑斓。
紫薇望丘,,16,3,成都,816,0%,雪中的松树，枝头挂满雪花，银白世界。
毛主席视察红光与毛主席诗词馆,,16,3,成都,988,0%,山顶的日出，阳光洒满大地，希望的光芒。
杜鹃湖演艺区,,16,3,成都,803,0%,夏日的草地，绿草茵茵，蝴蝶飞舞。
温江园林绿道,,16,3,成都,912,0%,公园的早晨，晨练的人们，生活的节奏。
敖山秀色,,16,2,成都,819,0%,雨中的城市，街道湿润，清新的空气。
陆合小院雅舍,,16,2,成都,765,0%,海边的沙滩，金黄色的沙粒，在阳光下闪耀。
新都许氏宗祠,,16,1,成都,805,0%,沙漠的黄昏，大地与天空同色，壮观迷人。
成都杜甫草堂博物馆-观景台,,16,1,成都,600,0%,河流的倒影，如同绘画，美不胜收。
原树当代艺术空间(蓝润摩里中心店),,16,1,成都,737,0%,雨后的山谷，清新脱俗，空气湿润。
鑫韵茶园,,16,1,成都,502,0%,山间的小溪，清澈见底，水声潺潺。
望丛岛,,16,1,成都,821,0%,沙漠中的绿洲，如同沙海中的明珠，珍贵而美丽。
缤纷花海花田,,16,1,成都,715,0%,晨曦的山峦，阳光洒满山间，光影交错。
琴台故径,Qintai Lu,15,397,成都,103,2%,冬季的松林，雪花覆盖，一片银白。
四川科技馆,Sichuan Science and Technology Museum,15,163,成都,20,0%,花园中的蝴蝶，翩翩起舞，色彩斑斓。
悦来镇,Yuelai Old Town,15,56,大邑,5,0%,安静祥和的川西古镇，也是通往众多景点的要道。
泥巴沱风景区,Xindu Nibatuo Peninsula,15,49,成都,79,0%,露营时的星空，无边无际，宁静致远。
梨花溪,Lihua River,15,42,成都,3,0%,成都市民赏桃花，享受农家乐的去处。
朝阳湖风景名胜区,Chaoyang Lake Scenic Area,15,40,蒲江,365,0%,雪后的松林，静谧祥和，银装素裹。
民俗风情院,,15,15,成都,384,0%,平乐民俗风情院又名天工应物馆，院里有农田、农家小院、耍坝，游人既可以在这里参与体会农事活动，也可以观看民俗文化表演。
云见露营,,15,15,成都,396,0%,山间的小溪，潺潺流水，清澈见底。
四世同堂香樟树,,15,15,成都,568,0%,花海中漫步，色彩斑斓，如置身梦境。
天府艺术公园项目,,15,15,成都,349,0%,公园的秋日，落叶纷飞，金黄一片。
爱施德儿童成长中心,,15,15,成都,957,0%,霜降时分，晶莹的霜花装饰着窗户，美轮美奂。
熊山-棕熊,,15,14,成都,515,0%,冬季的河流，冰封河面，静谧无声。
通风乾云,,15,14,成都,888,0%,晴天的云朵，轻盈飘逸，变换无穷。
动漫欢乐水世界,,15,14,成都,561,0%,滑雪场的冬日，雪地里的速度与激情，寒冷中的热情。
枫岩秋韵,,15,14,成都,904,0%,沙漠的黄昏，大地与天空同色，壮观迷人。
安仁古镇-民国风情街,,15,14,大邑,966,0%,夜晚的城市公园，灯光与夜色交织，美轮美奂。
大邑县花水湾镇天宫,,15,14,大邑,673,0%,秋日的湖边，湖面波光粼粼，风景如画。
吴为山雕塑艺术展,,15,14,成都,796,0%,夜晚的灯塔，发出的光芒，引导着远航者。
墩墩石小院露营基地,,15,14,彭州,925,0%,高山上的日落，晚霞如火，壮丽无比。
石佛寺,,15,14,成都,554,0%,公园的秋日，落叶纷飞，金黄一片。
赊月湖,,15,14,崇州,411,0%,夏夜的星空，繁星点点，如梦如幻。
张飞营,,15,13,成都,208,0%,张飞营位于简阳武庙烂田村和团堡村之间，与双流县太平镇交界，属龙泉山脉。四周是岩，仅有一条小路上山，山顶地势平坦。
纸厂沟,Zhichanggou,15,13,都江堰,641,0%,山间的石阶，通往古寺，静谧神圣。
厨房,,15,13,大邑,898,0%,高山上的云海，变幻莫测，壮观美丽。
尚法岛,,15,13,成都,543,0%,海边的晨光，海浪轻拍，阳光金灿。
棺材室,,15,13,大邑,786,0%,露天电影夜，星空下的电影，别有一番风味。
主政西康,,15,13,大邑,651,0%,晚风轻拂，湖面泛起层层波纹，如梦似幻。
宸经宝楼,,15,13,成都,979,0%,森林里的小径，幽静而神秘，探险者的天堂。
骆驼奶展馆,,15,13,成都,588,0%,湖泊的黄昏，夕阳无限好，只是近黄昏。
双红村综合文化活动室,,15,12,彭州,753,0%,沙漠的黄昏，大地与天空同色，壮观迷人。
普同塔,,15,12,成都,510,0%,露营地旁的篝火，热烈燃烧，温暖人心。
梁州梦契雕像,,15,12,成都,976,0%,湖面的晨雾，轻轻飘浮，如梦如幻。
灌县古城旅游景区游客中心,,15,12,都江堰,648,0%,秋天的树林，五彩缤纷，如诗如画。
青华社区文献中心社区活动室(青羊社区文献中心),,15,12,成都,704,0%,林间小路，光影斑驳，仿佛通往未知的世界。
成都市龙泉驿区青少年宫,,15,12,成都,693,0%,秋日的阳光，温暖而柔和，金黄色的光线洒在大地上。
三农博物馆,,15,12,成都,936,0%,海边的晨光，海浪轻拍，阳光金灿。
庐适,,15,11,都江堰,613,0%,春风拂面，花香四溢，满园春色。
海盗船,,15,11,邛崃,576,0%,丘陵上的风车，随风旋转，景色独特。
上水楠亭,,15,11,成都,897,0%,夜晚的露营地，篝火晚会，温馨而快乐。
五桂山,,15,11,成都,424,0%,湖面的晨雾，轻轻飘浮，如梦如幻。
ChinaHongKongCCPARK,,15,11,成都,723,0%,沙漠的日落，天边一抹残阳，如火如血。
古当铺,,15,11,崇州,937,0%,湖光山色间的小舟，缓缓行驶，悠闲自得。
明妮魏特琳雕塑,,15,10,大邑,375,0%,潮湿的雨林中，瀑布轰鸣，水汽弥漫。
人与自然贝林捐赠展,,15,10,成都,787,0%,沙漠中的绿洲，生机勃勃，绿意盎然。
溢枫华中老年文娱,,15,10,成都,813,0%,山川壮丽，江河绵延，自然的伟力展露无遗。
大狗的小院,,15,10,成都,979,0%,秋季的登山，攀登高峰，俯瞰世界。
都江堰藏文化馆,,15,10,都江堰,684,0%,炎热的沙漠，广袤无垠，生命的顽强。
永祥廊,,15,9,成都,840,0%,雨后的林间，空气清新，山色更翠。
汉州泉,,15,9,成都,917,0%,霜降时分，晶莹的霜花装饰着窗户，美轮美奂。
123美术馆,,15,9,成都,538,0%,山脉的轮廓，在日落时分显得格外清晰。
宽窄巷子景区-思贤,,15,9,成都,471,0%,秋天的果实，硕果累累，丰收的喜悦。
中交建筑集团有限公司新都古蜀博物馆及配套工程项目,,15,9,成都,360,0%,冬季的河流，冰封河面，静谧无声。
时空之外露营美学(三友岛文创店),,15,9,成都,664,0%,平原上的稻田，金黄一片，秋季的收获。
鲍照雕塑,,15,9,成都,342,0%,山川壮丽，江河绵延，自然的伟力展露无遗。
熊猫路亚露营俱乐部,,15,9,成都,720,0%,高山上的日落，晚霞如火，壮丽无比。
九龙寺,,15,9,蒲江,488,0%,雨中的街道，雨滴跳跃，清新洗净。
忠烈祠,,15,9,成都,630,0%,秋日的湖边，湖面波光粼粼，风景如画。
佛堂,,15,8,大邑,752,0%,沙漠的日落，天边一抹残阳，如火如血。
华泰佛,,15,8,成都,824,0%,寒冷的冬日，暖阳透过云层，温暖如春。
水幕秋千,,15,8,成都,387,0%,晨光中的湖畔，湖面波光粼粼，宁静致远。
援华义士广场群雕,,15,8,大邑,486,0%,山间的小溪，潺潺流水，清澈见底。
HiFun创意长廊,,15,8,成都,610,0%,山中的泉水，清甜可口，自然的恩赐。
祈福钟,,15,8,崇州,882,0%,沙漠中的绿洲，生机勃勃，绿意盎然。
照壁,,15,7,成都,567,0%,寒冬腊月，白雪皑皑，覆盖了大地。
吹台相会雕像,,15,7,成都,645,0%,海边的晨光，海浪轻拍，阳光金灿。
求雨亭,,15,7,成都,507,0%,山间的小溪，潺潺流水，清澈见底。
蜀籁楼,,15,7,大邑,646,0%,海边的晨光，海浪轻拍，阳光金灿。
碧水堂,,15,7,成都,359,0%,旅途中的随机小镇，充满了本地色彩，别具一格。
正天台,,15,7,邛崃,419,0%,湖光山色间的小舟，缓缓行驶，悠闲自得。
露营地(停车加露营),,15,7,成都,574,0%,冬季的森林，雪花飘落，银装素裹。
飞天梭,,15,7,成都,557,0%,雪地里的足迹，记录着旅人的脚步，探索的痕迹。
蔚然花海-观景平台,,15,6,成都,498,0%,古镇的夜市，热闹非凡，人声鼎沸。
三圣乡七彩田野,,15,6,成都,795,0%,沙滩上的晚霞，晚霞映红了整个天空，美轮美奂。
天府公园观澜9号云岸,,15,6,成都,803,0%,秋日的湖边，湖面波光粼粼，风景如画。
牧马放羊区,,15,6,成都,791,0%,夏日的河边，垂柳依依，清凉宜人。
七彩宝莲・汉藏文化馆,,15,6,都江堰,363,0%,海上的日出，光芒万丈，希望的开始。
不二广场,,15,6,成都,623,0%,热带雨林的深处，充满神秘，生命力旺盛。
西安路街道综合文化活动中心电子阅览室,,15,6,成都,391,0%,春天的花丛，花香袭人，色彩斑斓。
柏林塔,,15,6,彭州,363,0%,热带雨林的午后，热气腾腾，生机勃勃。
锦囊祈福,,15,6,都江堰,674,0%,高原的天空，蓝得深邃，云彩飘渺。
盛世牡丹水上乐园(龙门山店),,15,5,彭州,471,0%,湖边的清晨，水雾弥漫，如梦如幻。
成都万科户外营地,,15,5,成都,362,0%,夏日的河边，垂柳依依，清凉宜人。
云幕原帐篷露营基地,,15,5,都江堰,400,0%,田野上的风车，高高转动，带动风的流动。
银水寺,,15,4,蒲江,588,0%,湿地上的芦苇，随风摇曳，生态丰富。
石犀・艺术空间西岭画院分馆,,15,4,成都,856,0%,秋天的田野，稻谷泛黄，金色的波浪。
贵族园,,15,4,成都,876,0%,雨中的街道，雨滴跳跃，清新洗净。
卓锦城红郡-游乐园,,15,4,成都,944,0%,秋日的阳光，温暖而柔和，金黄色的光线洒在大地上。
湖南北极星冰竹,,15,4,成都,673,0%,雨后的彩虹，桥接天地，彩色的希望。
金灌农庄,,15,4,都江堰,498,0%,晴朗的夜晚，满天星斗，璀璨夺目。
保利中环广场艺展中心,,15,4,成都,418,0%,雪后的公园，银装素裹，纯净美丽。
晚霞亭,,15,3,成都,634,0%,远处的山峦，层叠起伏，宛如水墨画。
高山古城遗址,,15,3,大邑,861,0%,高山上的日落，晚霞如火，壮丽无比。
民法典以案说法景观,,15,3,成都,418,0%,山顶的云海，云蒸霞蔚，如在仙境。
洛水湿地公园-观景台,,15,3,成都,941,0%,潮湿的雨林中，瀑布轰鸣，水汽弥漫。
未来创拓室内户外团建拓展活动定制,,15,3,成都,469,0%,秋风吹过，落叶满地，金黄一片。
水太极宫,,15,2,成都,323,0%,海边的晨光，海浪轻拍，阳光金灿。
仁恒物语生活市集,,15,2,成都,315,0%,冬天的湖面，结冰坚硬，如同镜面。
东森景观,,15,2,成都,805,0%,秋风的午后，微风送爽，落叶飘飘。
水影石阵,,15,2,成都,980,0%,山间的小溪，潺潺流水，清澈见底。
花娇兰亭,,15,2,成都,530,0%,晴天的云朵，轻盈飘逸，变换无穷。
三国文化陈列室,,15,2,成都,939,0%,秋风萧瑟，金黄的叶片纷纷扬扬。
长乐湖,,15,2,成都,977,0%,公园的早晨，晨练的人们，生活的节奏。
建设巷,Construction Lane,15,1,成都,969,0%,夕阳下的河畔，金色的光线，如诗如画。
未来星青少年艺术宫,,15,1,蒲江,571,0%,晨曦的山峦，阳光洒满山间，光影交错。
成氏非遗,,15,1,成都,892,0%,湖泊的早晨，轻雾缭绕，宁静致远。
刘家祠堂,,15,1,成都,449,0%,冬季的滑雪，白雪皑皑的山坡，速度与激情。
萌宠乐园,,15,1,成都,573,0%,冬季的河流，冰封河面，静谧无声。
武侯体育公园,,15,1,成都,466,0%,冬季的枯藤老树，虽然萧索，却有一番风味。
成都动物园,Chengdu Zoo,14,1201,成都,25,1%,来这里观看萌萌的大熊猫吧，还有大象、老虎等众多的动物。
安顺廊桥,Anshun Lang Bridge,14,84,成都,146,0%,山间的小溪，潺潺流水，清澈见底。
泡桐树街,Paotongshu Street,14,72,成都,76,0%,夏日的草地，绿意盎然，充满活力。
皇城清真寺,Huangcheng Mosque,14,55,成都,87,0%,农田的秋天，丰收的季节，金黄色的田野。
鹤鸣山,Heming Mountain,14,44,大邑,11,0%,雪后的松林，静谧祥和，银装素裹。
流杯池,liubeichi,14,38,成都,378,3%,晨光中的露水，闪烁着银光，点缀在草尖上。
青城山味江陵园(白马寺街),,14,15,成都,954,0%,海上的日落，天际一片金红，壮丽的景象。
转转二手回收寄卖(龙泉世贸广场店),,14,15,成都,483,0%,冬季的河流，冰封河面，静谧无声。
互动演示馆,,14,15,成都,762,0%,秋风萧瑟，金黄的叶片纷纷扬扬。
谕亭,,14,15,成都,789,0%,春天的果园，花开果绿，生机盎然。
漫花游乐园,,14,15,成都,403,0%,星光灿烂，银河横跨夜空，闪烁着光芒。
磨盘沟,Mopangou,14,14,彭州,630,0%,夏日的河边，垂柳依依，清凉宜人。
凤凰陵园,,14,14,成都,556,0%,山间的小溪，潺潺流水，清澈见底。
黄龙国家级风景名胜区管理局,,14,14,成都,482,0%,公园的早晨，晨练的人们，生活的节奏。
中医学院基础医学院-医史博物馆,,14,14,成都,487,0%,沙漠的日落，天边一抹残阳，如火如血。
弓角羚,,14,14,成都,700,0%,秋天的丰收，果实累累，田野一片金黄色。
长江漂流纪念馆,,14,14,大邑,517,0%,古镇的夜市，热闹非凡，人声鼎沸。
天府水源科创营地,,14,14,成都,432,0%,密林深处的小溪，静静流淌，清澈见底。
珠峰,,14,14,崇州,778,0%,沙漠的黄昏，大地与天空同色，壮观迷人。
月光山丘,,14,14,成都,972,0%,秋天的果实，硕果累累，丰收的喜悦。
天主堂,,14,13,成都,540,0%,深秋时节，枫叶红了，像是山林间燃起的火焰。
金骊索道-下站,,14,13,都江堰,934,0%,春天的田野，绿草如茵，花开满野。
青城山味江陵园,,14,13,彭州,419,0%,雨中的城市，街道湿润，清新的空气。
浓园国际艺术村-A区,,14,13,成都,346,0%,春天的花丛，花香袭人，色彩斑斓。
唐代罗城城门遗址,,14,13,成都,612,0%,夏夜的星空，繁星点点，如梦如幻。
卡奇乐儿童乐园(上风港时代广场店),,14,13,成都,765,0%,海浪拍岸，发出阵阵响声，激荡人心。
仁源物语唐卡博物馆,,14,13,大邑,343,0%,晨曦的山峦，阳光洒满山间，光影交错。
云门里茶文化馆,,14,13,成都,478,0%,草原上的帐篷，点点星光，夜晚的灯塔。
平信井盖,,14,12,成都,917,0%,山顶的云海，云蒸霞蔚，如在仙境。
桃花潭,,14,12,成都,735,0%,冬天的湖面，结冰坚硬，如同镜面。
四面空间艺术中心,,14,11,成都,346,0%,雪后的公园，银装素裹，纯净美丽。
崇州唐人街牌坊,,14,11,崇州,467,0%,热带雨林，充满生机，绿色覆盖每一寸土地。
老派借书室,,14,11,成都,330,0%,农田的秋天，丰收的季节，金黄色的田野。
基督教福音堂,,14,11,成都,621,0%,夏日的河边，垂柳依依，清凉宜人。
都江堰途悦霞客行房车营地,,14,11,都江堰,674,0%,秋日的林间小路，落叶铺满，黄金大道。
中国西部国际博览城国际展览展示中心10号馆,,14,11,成都,332,0%,森林里的小径，幽静而神秘，探险者的天堂。
湖畔居,,14,10,成都,641,0%,雨后的山谷，清新脱俗，空气湿润。
大地魂,,14,10,成都,895,0%,雨后的山林，空气清新，山色更加青翠。
杏有灵溪,,14,10,都江堰,876,0%,清晨的田野上，露珠闪烁，一派生机盎然。
西来古镇牌坊,,14,10,蒲江,402,0%,山间的小溪，清澈见底，水声潺潺。
红桥村遗址,,14,10,成都,457,0%,河畔的春天，绿树成荫，鸟语花香。
卧式车床模型,,14,10,成都,487,0%,夏夜的荷塘，荷叶田田，荷花盛开。
锦竹轩,,14,10,成都,859,0%,雨后的林间，空气清新，山色更翠。
九千馆,,14,9,崇州,397,0%,繁花似锦的春天，生机勃勃，如诗如画。
龙泉驿区房管局老年协会活动室,,14,8,成都,385,0%,晨曦的山峦，阳光洒满山间，光影交错。
关口水上乐园,,14,8,彭州,525,0%,秋日的背包旅行，发现未知的美，丰富旅程。
摸底河8,,14,8,成都,976,0%,晨曦初露，万物复苏，鸟语花香。
唐昌国家农业大公园君平纪念馆,,14,8,成都,757,0%,湖边的清晨，水雾弥漫，如梦如幻。
绿槽子赏萤区,,14,7,邛崃,937,0%,夜晚的露营地，篝火晚会，温馨而快乐。
什刹金刚殿,,14,7,成都,676,0%,夜晚的城市公园，灯光与夜色交织，美轮美奂。
永定桥,,14,7,成都,746,0%,雪后的松林，静谧祥和，银装素裹。
荷花塘,,14,7,成都,307,0%,雪后的松林，静谧祥和，银装素裹。
童话故事(金巷西街店),,14,6,大邑,955,0%,雨后的山林，空气清新，山色更加青翠。
第二院,,14,6,大邑,845,0%,夜晚的星空，满天星斗，宁静深远。
子仪生活美学博物馆,,14,6,成都,824,0%,秋天的果实，硕果累累，丰收的喜悦。
尹奉吉雕塑,,14,6,大邑,448,0%,热带雨林的探险，丰富的生物多样性，探秘之旅。
成都院子-银杏厅,,14,6,成都,366,0%,晨曦的山峦，阳光洒满山间，光影交错。
彭州市天使眼露营地,,14,6,彭州,439,0%,热带海岛的早晨，海风习习，椰风海韵。
青城居,,14,5,都江堰,750,0%,秋日的林间小路，落叶铺满，黄金大道。
展理念的立体山水公四城市,,14,5,彭州,467,0%,晨曦的山峦，阳光洒满山间，光影交错。
高车三路绿地公园,,14,5,成都,421,0%,山间的小溪，潺潺流水，清澈见底。
意大利园,,14,5,都江堰,768,0%,夜空中的月亮，皎洁明亮，如冰似玉。
百花巷,Baihua Alley,14,4,成都,870,0%,雪地里的足迹，记录着旅人的脚步，探索的痕迹。
平安桥,,14,4,成都,787,0%,山顶的云海，云蒸霞蔚，如在仙境。
尖尖山,,14,4,成都,787,0%,秋天的森林，五彩缤纷，美不胜收。
书香长廊,,14,4,成都,718,0%,山顶的日出，晨光破晓，希望的开始。
"屈原,李白,杜甫雕塑",,14,4,成都,896,0%,海边的晚霞，晚霞映红了整个天空，美轮美奂。
水溶肥,,14,4,蒲江,394,0%,夏日的河边，垂柳依依，清凉宜人。
前后蜀历史文化陈列,,14,4,成都,379,0%,秋天的果实，硕果累累，丰收的喜悦。
花乡里  郊野公园,,14,4,成都,645,0%,海岛上的椰影，摇曳生姿，风情万种。
熊猫科普园,,14,4,成都,333,0%,深林之中，古木参天，生态丰富。
棋艺区,,14,4,成都,680,0%,沙漠中的绿洲，生机勃勃，绿意盎然。
田园时代葡萄园,,14,3,成都,386,0%,郫县“田园时代”由现代生态农业种植区、风情商业小镇、世界田园生活体验区、芳香国际疗养区和滨水度假区五大功能区组成，目前已形成2000多亩葡萄园、100亩猕猴桃种植园和30亩玫瑰园，规划并建设了一个风光旖旎的新农村小区徐堰花园。
四川航空科技馆无人机基地,,14,3,彭州,780,0%,炎热的夏日，清凉的湖水，泳者的天堂。
崇州古树枇杷茶(余远学非遗工坊),,14,3,崇州,824,0%,雪后的松林，静谧祥和，银装素裹。
明筑,,14,3,邛崃,409,0%,雨中的城市，清新而湿润，洗净尘埃。
芳华渡,,14,3,成都,833,0%,林间小径，鲜花簇拥，步入其中如入花海。
文澜亭,,14,3,成都,701,0%,秋风的午后，微风送爽，落叶飘飘。
瞿上田园,,14,3,成都,1000,0%,冬季的枯藤老树，虽然萧索，却有一番风味。
金马河,,14,3,都江堰,448,0%,秋日的果园，硕果累累，香气四溢。
凤凰亭,,14,3,成都,683,0%,秋天的树林，五彩缤纷，如诗如画。
温江区老体协金光骑游大队鱼凫活动站,,14,3,成都,537,0%,草丛中的露珠，犹如清晨的眼泪，清新而纯洁。
宪法子母树,,14,2,成都,838,0%,花海中漫步，色彩斑斓，如置身梦境。
看云亭,,14,2,成都,386,0%,小桥流水，人家更显得安详宁静。
蜀仙圣境-凉亭,,14,2,成都,335,0%,湖面的晨雾，轻轻飘浮，如梦如幻。
干龙池,Ganlong Pool,14,1,都江堰,9,0%,雪后的公园，银装素裹，纯净美丽。
帕克影像共享空间,,14,1,成都,572,0%,秋日的背包旅行，发现未知的美，丰富旅程。
莲花山,,14,1,邛崃,454,0%,河岸的石头，经过水流的冲刷，光滑如镜。
盖世英雄,,14,1,成都,555,0%,花海中漫步，色彩斑斓，如置身梦境。
o园精舍,,14,1,成都,386,0%,湖泊的早晨，轻雾缭绕，宁静致远。
望江楼公园,Wangjiang Pavilion Park,13,386,成都,54,5%,为纪念唐朝女诗人薛涛而建，周边很有“老成都”的味道。
宝瓶口,Baopingkou,13,170,都江堰,17,2%,宝瓶口是人工挖掘的一个水渠，是控制内江进水量的关键。
烟霞湖,Yanxiahu,13,25,大邑,14,0%,高峰的岩石，经历风雨的洗礼，坚硬如铁。
孝心坊,,13,15,成都,715,0%,星光点点，夜空深邃，宁静而深远。
新金牛公园-D区,,13,15,成都,448,0%,沙漠中的绿洲，生机勃勃，绿意盎然。
天井,,13,15,大邑,356,0%,沙漠的早晨，日出东方，光芒四射。
慈母匠芯,,13,15,成都,382,0%,山林中的小屋，宁静祥和，逃离都市的喧嚣。
定制墓碑,,13,15,都江堰,791,0%,林间小径，鲜花簇拥，步入其中如入花海。
蝶栖湖,,13,15,成都,713,0%,古城的黄昏，历史的痕迹，沉淀了岁月的静好。
成都市东部副中心市政景观公园-3区,,13,15,成都,441,0%,湖边的垂柳，姿态优美，添了几分诗意。
友谊旅游文化艺术展示中心,,13,14,成都,953,0%,夜晚的星空，绚烂夺目，无限遐想。
花语湖,,13,14,成都,301,0%,山涧的溪水，清澈见底，泉声叮咚。
3+1少年馆,,13,14,成都,686,0%,沙漠中的绿洲，生机勃勃，绿意盎然。
元掬,,13,14,成都,450,0%,河流的倒影，如同绘画，美不胜收。
海天别馆,,13,14,成都,753,0%,河畔的春天，绿树成荫，鸟语花香。
繁音寺,,13,14,崇州,340,0%,冬日的雪景，白雪皑皑，银装素裹。
世界钱币展厅,,13,13,大邑,386,0%,秋天的森林，五彩缤纷，美不胜收。
老东岳庙,,13,13,蒲江,393,0%,雨中的城市，清新而湿润，洗净尘埃。
四川天府新区明昌博物馆华阳文博馆,,13,13,成都,868,0%,雨中的城市，街道湿润，清新的空气。
白居易雕塑,,13,13,成都,654,0%,秋天的果实，硕果累累，丰收的喜悦。
张二爷猕猴桃,,13,13,成都,655,0%,秋日的湖边，湖面波光粼粼，风景如画。
慈航殿,,13,13,大邑,966,0%,春天的花丛，花香袭人，色彩斑斓。
宝华苑,,13,13,成都,860,0%,古镇的夜市，热闹非凡，人声鼎沸。
中央彩票基金支持项目郫筒二小乡村学校少年宫,,13,13,成都,414,0%,山顶的云海，云蒸霞蔚，如在仙境。
狐河露营,,13,13,大邑,313,0%,海边的晨光，海浪轻拍，阳光金灿。
三一水库,,13,13,邛崃,758,0%,晨跑的小道，清新的空气，充满活力。
江家艺苑归本园,,13,13,成都,702,0%,秋日的林间小路，落叶铺满，黄金大道。
阴阳界,,13,12,大邑,376,0%,夏夜的星空，繁星点点，如梦如幻。
浣花溪公园-观景台,,13,12,成都,416,0%,远处的山峦，层叠起伏，宛如水墨画。
张河村党群服务中心,,13,12,成都,315,0%,秋风的午后，微风送爽，落叶飘飘。
游动的清明上河图,,13,12,成都,476,0%,湖泊的早晨，轻雾缭绕，宁静致远。
花涧别苑,,13,12,邛崃,883,0%,秋天的田野，稻谷泛黄，金色的波浪。
藏滇阁,,13,12,金堂,856,0%,晨光中的湖畔，湖面波光粼粼，宁静致远。
城隍庙,,13,12,成都,548,0%,湖边的清晨，水雾弥漫，如梦如幻。
怀远镇小学校乡村学校少年宫,,13,12,崇州,826,0%,山顶的云海，云蒸霞蔚，如在仙境。
岁舒迟,,13,12,邛崃,670,0%,田野上的风车，高高转动，带动风的流动。
天竺草,,13,11,大邑,465,0%,湖边的清晨，水雾弥漫，如梦如幻。
粮仓,,13,11,大邑,650,0%,晨跑的小道，清新的空气，充满活力。
金芙蓉大道1799号川非展示中心内,,13,11,成都,961,0%,沙滩上的日落，大海和夕阳同辉，景色迷人。
梳桩台,,13,11,彭州,608,0%,田野上的风车，高高转动，带动风的流动。
米诺公园(金堂店),,13,11,金堂,788,0%,星光灿烂，银河横跨夜空，闪烁着光芒。
新都区大丰科普基地,,13,11,成都,664,0%,河畔的春天，绿树成荫，鸟语花香。
辣条博物馆,,13,10,成都,865,0%,春日花开，百花齐放，香气扑鼻。
西南交通大学犀浦校区-孙中山先生像,,13,10,成都,346,0%,秋天的果实，硕果累累，丰收的喜悦。
崇义天主堂,,13,10,都江堰,353,0%,秋天的果实，硕果累累，丰收的喜悦。
府河,,13,10,成都,902,0%,山谷中的秋色，一片金黄，美不胜收。
外研社分级阅读馆(天府新区翡翠公园万科里店),,13,9,成都,527,0%,草原上的帐篷，点点星光，夜晚的灯塔。
袍哥楼,,13,9,大邑,456,0%,山顶的日出，阳光洒满大地，希望的光芒。
苔古园,,13,9,成都,429,0%,山顶的日出，阳光洒满大地，希望的光芒。
徐子昌旧居,,13,9,成都,429,0%,露天音乐会，音乐与自然的融合，激动人心。
东方艺术博物馆,,13,9,成都,437,0%,海滨的日出，海平面上升起的太阳，光彩夺目。
落池塘,,13,9,都江堰,786,0%,花园中的蝴蝶，翩翩起舞，色彩斑斓。
哼哈嗨乐园,,13,9,成都,729,0%,沙漠中的绿洲，如同沙海中的明珠，珍贵而美丽。
杜甫千诗碑,,13,9,成都,646,0%,雪后山村，银装素裹，一片宁静。
成都市龙泉驿区实验小学校乡村学校少年宫,,13,9,成都,476,0%,夜晚的露营地，篝火晚会，温馨而快乐。
乡春谷农业体验园,,13,9,成都,418,0%,雨中的城市，清新而湿润，洗净尘埃。
九两桃花,,13,9,成都,653,0%,野外的篝火，照亮了夜空，温暖伴随。
幸福摩天轮,,13,9,成都,578,0%,夜晚的星空，闪烁的星星，璀璨如梦。
武侯区清水河公园-蜀街牌坊,,13,8,成都,667,0%,滨海的摩天轮，高高在上，俯瞰海景。
存梅亭,,13,8,成都,705,0%,雨后的彩虹桥，连接着两岸，象征着希望。
竹刻工坊,,13,8,成都,905,0%,秋天的田野，稻谷泛黄，金色的波浪。
温江蓉蓉图书阅览室,,13,8,成都,704,0%,夕阳下的河畔，金色的光线，如诗如画。
黄龙古城,,13,7,成都,828,0%,秋风的午后，微风送爽，落叶飘飘。
蟠桃园,,13,6,成都,792,0%,远行的船只，在海的尽头消失，留下一片梦幻。
之园知园,,13,6,成都,558,0%,炊烟袅袅，升起在清晨的乡村，带来家的味道。
历千万,,13,6,成都,421,0%,山顶的石碑，记录着历史的痕迹，坚固耐久。
经堂,,13,6,大邑,392,0%,潺潺的溪流，穿过森林，流向远方的海洋。
弥陀庵,,13,6,邛崃,874,0%,露珠在花瓣上滚动，晶莹剔透，犹如珍珠。
森活露营基地,,13,6,崇州,647,0%,雪中的松树，枝头挂满雪花，银白世界。
麓湖CPI,,13,5,成都,629,0%,星光点点，夜空深邃，宁静而深远。
宝光禅院-客堂,,13,5,成都,594,0%,夜晚的露营地，篝火晚会，温馨而快乐。
倒靴石,,13,5,邛崃,932,0%,夜晚的海滩，海浪拍打，潮声阵阵。
爽心榭,,13,5,崇州,383,0%,湖泊的早晨，轻雾缭绕，宁静致远。
小姐住房,,13,5,大邑,928,0%,山林中的小屋，宁静祥和，逃离都市的喧嚣。
华兴街社区综合文化活动室,,13,5,成都,500,0%,夜幕下的城市，灯火辉煌，繁星似的街灯。
蜂蝶谷,,13,4,蒲江,920,0%,露天音乐会，音乐与自然的融合，激动人心。
正厅,,13,4,大邑,358,0%,夜晚的城市公园，灯光与夜色交织，美轮美奂。
山涧营地,,13,4,成都,672,0%,秋风的午后，微风送爽，落叶飘飘。
三人堂书法院,,13,4,成都,359,0%,湖边的垂柳，姿态优美，添了几分诗意。
沙河公园沙河客家景点,,13,4,成都,850,0%,秋季的登山，攀登高峰，俯瞰世界。
南岳寺,,13,4,崇州,840,0%,山顶的云海，云蒸霞蔚，如在仙境。
子龙庙,Temple of Zhao Zilong,13,3,大邑,6,0%,潮湿的雨林中，瀑布轰鸣，水汽弥漫。
虞美人花海,,13,3,成都,837,0%,草原上的野花开遍了每一个角落，如同大地的织锦。
外研社分级阅读馆(MKL生活美学中心店),,13,3,成都,573,0%,冬日的暖阳，温暖而宁静，慵懒地洒在地上。
青城山味江陵园(马家花园路),,13,3,成都,692,0%,秋天的公园，银杏叶黄，铺满一地黄金。
冰雪岛,,13,3,成都,847,0%,春天的花丛，花香袭人，色彩斑斓。
道教文化陈列馆,,13,3,成都,758,0%,雨后的林间，空气清新，山色更翠。
回龙庵,,13,3,彭州,491,0%,海边的晚霞，晚霞映红了整个天空，美轮美奂。
古驿岁月,,13,3,成都,325,0%,秋天的田野，稻谷泛黄，金色的波浪。
街市风情,,13,3,邛崃,509,0%,梅雨季节的竹林，绿意盎然，雨滴点点。
风尚惠合艺术馆,,13,3,成都,947,0%,夜晚的海滩，海浪拍打，潮声阵阵。
新都区桂湖街道基督教临时活动地点,,13,2,成都,727,0%,春日的樱花，粉嫩花瓣，如云似霞。
孔子牛拉车塑像,,13,2,成都,958,0%,早晨的阳光穿透雾气，照亮了整个山谷。
安仁古镇-观光车庄园街站,,13,2,大邑,366,0%,春天的田野，绿草如茵，花开满野。
宝山塔陵园,,13,2,都江堰,326,0%,雨后的山谷，清新脱俗，空气湿润。
万科高线公园光之洲,,13,2,成都,708,0%,夏日的湖边，嬉戏的儿童，欢乐的声音。
金沙滨河公园2期,,13,2,成都,687,0%,雨后的彩虹，横跨天际，绚烂夺目。
生态池塘,,13,2,成都,381,0%,海边的烧烤，美味与欢声笑语，美好的夜晚。
雅潭闻古景区,,13,2,邛崃,751,0%,林间小路，光影斑驳，仿佛通往未知的世界。
头沟,Tougou,13,1,金堂,850,0%,雨中的城市，街道映着灯光，梦幻般的美。
成都考古中心,,13,1,成都,580,0%,高山的夜晚，繁星点点，宁静致远。
米诺公园,,13,1,成都,794,0%,丘陵上的风车，随风旋转，景色独特。
四川成都环保产业博览会,,13,1,成都,868,0%,森林的小径，幽静而神秘，探索的乐趣。
文殊院供灯祈福亭,,13,1,成都,308,0%,山顶的日出，阳光洒满大地，希望的光芒。
云楼,,13,1,都江堰,536,0%,繁花似锦的春天，生机勃勃，如诗如画。
西岭雪山,Xiling Snow Mountain,12,2417,大邑,1,2%,距离成都市区非常近的雪山，景色壮美，还有众多的雪上游乐项目。
安澜桥,Anlan Cable Bridge,12,509,都江堰,43,1%,横跨在都江堰内江和外江的分水处，走在桥面上，摇摇晃晃很刺激。
都江堰景区鱼嘴分水堤,Dujiangyan Fish-mouth Water-dividing Dike,12,200,都江堰,31,2%,用鹅卵石堆砌的像鱼的嘴一样的大坝，是都江堰最重要的部分。
成都当代美术馆,Chengdu Contemporary Art Museum,12,73,成都,152,0%,沙滩上的晚霞，晚霞映红了整个天空，美轮美奂。
老君山,Xinjin Laojun Mountain,12,52,成都,5,0%,川西的道教圣地，每年都有盛大的老君庙会。
祖师殿,Hall of Patriarch,12,31,都江堰,2,0%,殿内供奉着道教中的真武大帝、东岳大帝、吕洞宾和张三丰塑像。
云顶石城,Yunding Stone Wall,12,27,金堂,4,0%,湖光山色，风景如画，美不胜收。
耍都文化广场,,12,22,成都,99,0%,夏日的草地，绿草茵茵，蝴蝶飞舞。
两河城市森林公园,Intangible Cultural Heritage National Park,12,18,成都,257,0%,雨后的山林，空气清新，山色更加青翠。
三昧水,Sanweishui Scenic Resort,12,17,彭州,6,0%,夕阳下的河畔，金色的光线，如诗如画。
杏屿溪涧,,12,15,都江堰,704,0%,晨光中的湖畔，湖面波光粼粼，宁静致远。
重走长征路,,12,15,成都,864,0%,春天的花丛，花香袭人，色彩斑斓。
苍溪县永宁镇聚龙玫瑰园,,12,15,成都,640,0%,沙漠中的绿洲，生机勃勃，绿意盎然。
鹤鸣湖,,12,15,都江堰,920,0%,星光点点，夜空深邃，宁静而深远。
迪乐尼儿童乐园(正兴街店),,12,15,成都,993,0%,滨海的旅游小镇，悠闲的生活，海的味道。
天天杠上花,,12,14,金堂,337,0%,草原上的帐篷，点点星光，夜晚的灯塔。
都江堰中华大熊猫苑蝶泉园,,12,14,都江堰,425,0%,夜晚的星空，满天星斗，宁静深远。
蒲江河,,12,14,蒲江,537,0%,农村的晨曦，炊烟袅袅，生活的味道。
郫都区湿地公园,,12,14,成都,529,0%,雨后的林间，空气清新，山色更翠。
太空家园馆,,12,14,成都,701,0%,夕阳下的河畔，金色的光线，如诗如画。
耕读传家,,12,13,成都,646,0%,春天的田野，绿草如茵，花开满野。
东方德韵中老年文娱中心,,12,13,成都,408,0%,沙漠的日落，天边一抹残阳，如火如血。
杨慎雕塑,,12,13,成都,637,0%,寒冷的冬天，温暖的火炉，家的温馨。
邓家祠堂,,12,13,成都,872,0%,夜晚的城市，高楼大厦，灯火通明。
双流区王光美纪念馆,,12,12,成都,333,0%,河流的倒影，如同绘画，美不胜收。
虫二亭,,12,12,蒲江,383,0%,高原的湖泊，湛蓝如宝石，清澈见底。
龙钰博物馆,,12,12,成都,840,0%,清晨的露水闪烁着光芒，如同镶嵌在绿叶上的珍珠。
海盗船,,12,12,成都,761,0%,日出东海，晚归山色，美不胜收。
炳灵庙,,12,12,金堂,681,0%,河畔的春天，绿树成荫，鸟语花香。
波痕石,,12,12,邛崃,715,0%,晚风轻拂，湖面泛起层层波纹，如梦似幻。
同心观景台,,12,11,都江堰,959,0%,山间的小溪，潺潺流水，清澈见底。
振大体育公园,,12,11,成都,867,0%,晨跑的小道，清新的空气，充满活力。
龙泉驿区基督教大面福音堂,,12,11,成都,859,0%,滑雪场的冬日，雪地里的速度与激情，寒冷中的热情。
民风廊,,12,11,成都,322,0%,冬季的林道，雪花飘飘，寒风凛冽。
蔡伦像,,12,11,邛崃,810,0%,沙漠的日落，天边一抹残阳，如火如血。
沙杏亭,,12,11,成都,602,0%,露珠在花瓣上滚动，晶莹剔透，犹如珍珠。
麓湖寻麓书馆,,12,11,成都,458,0%,高山上的日落，晚霞如火，壮丽无比。
成都市第一军队离退休干部休养所,,12,10,成都,584,0%,晨光中的湖畔，湖面波光粼粼，宁静致远。
海龙门,,12,10,大邑,409,0%,山间的云雾，缥缈间，仿佛仙境。
红军长征小道,,12,10,邛崃,631,0%,梦幻的海岛，碧海蓝天，美不胜收。
水禽湖,,12,10,成都,954,0%,春天的田野，绿草如茵，花开满野。
海蒂的花园图书馆,,12,10,成都,360,0%,高山之巅，空气清新，视野开阔。
滚子坝水库,,12,9,金堂,909,0%,山间的云雾，缥缈间，仿佛仙境。
龙泉十陵店,,12,9,成都,601,0%,秋天的果实，硕果累累，丰收的喜悦。
举义亭,,12,9,都江堰,643,0%,夏夜星空，繁星点点，如梦如幻。
观音庙,,12,9,都江堰,828,0%,夜晚的海滩，海浪拍打，潮声阵阵。
白鹿森林公园,Bailu Forest Park,12,8,彭州,5,0%,湖光山色，风景如画，美不胜收。
西华大学凤凰学院(古城校区)图书馆,,12,8,成都,479,0%,冬季的松林，雪花覆盖，一片银白。
梦幻儿童乐园,,12,8,成都,952,0%,密林深处的小溪，静静流淌，清澈见底。
子美苑,,12,7,成都,647,0%,秋日的林间小路，落叶铺满，黄金大道。
金韵亭,,12,7,成都,816,0%,山谷间的回声，如同古老的歌谣，回荡在空中。
淮州新城国际会展中心,,12,7,金堂,418,0%,春日的樱花，粉嫩花瓣，如云似霞。
洱海,,12,6,大邑,490,0%,晨曦初露，万物复苏，鸟语花香。
成都动物园-小熊猫,,12,6,成都,936,0%,梦幻的海岛，碧海蓝天，美不胜收。
甲第少年,,12,6,成都,593,0%,草原上的帐篷，点点星光，夜晚的灯塔。
花园,,12,6,大邑,734,0%,炎热的沙漠，广袤无垠，生命的顽强。
古佛庵,,12,6,蒲江,333,0%,冬季的林道，雪花飘飘，寒风凛冽。
血战湘江雕塑,,12,6,邛崃,762,0%,秋天的树林，五彩缤纷，如诗如画。
站成都市龙泉驿区,,12,6,成都,686,0%,秋天的森林，五彩缤纷，美不胜收。
高院村文化活动室,,12,6,成都,804,0%,夕阳西下，晚霞如火如荼地燃烧。
成都・偈云书房,,12,6,成都,645,0%,山间的云雾，缥缈间，仿佛仙境。
金马太极地,,12,5,成都,3,0%,位于温江县金马乡境内，距成都市区26公里，面积1500多亩，是一个新开发的平原田园式旅游区。拟建成一个融现代气派、民族风格和川西平原特色为一体的吃住行游购娱配套的具有旅游观光、度假、娱乐、健身等多功能的综合性景点。共分为五大功能区。军事…
四川钱币展厅,,12,5,大邑,760,0%,山谷中的秋色，层林尽染，色彩斑斓。
四川建川博物馆聚落-售票处,,12,5,大邑,493,0%,沙漠中的绿洲，生机勃勃，绿意盎然。
川藏公路起点红牌楼,,12,4,成都,812,0%,山谷中的秋色，层林尽染，色彩斑斓。
清真寺,,12,4,彭州,538,0%,沙漠的日落，天边一抹残阳，如火如血。
道医三界宫,,12,4,成都,793,0%,雨后的林间，空气清新，山色更翠。
清凤吟智慧堂,,12,4,成都,997,0%,海边的椰树，随风摇曳，风情万种。
龙门飞冰,,12,4,彭州,919,0%,山谷中的秋色，层林尽染，色彩斑斓。
英雄农场区,,12,4,成都,407,0%,秋高气爽的山间，风清气朗，心旷神怡。
金龟寺,,12,4,金堂,749,0%,炊烟袅袅，升起在清晨的乡村，带来家的味道。
大邑高山彩色植物博览园,,12,4,大邑,857,0%,高山的夜晚，繁星点点，宁静致远。
长江村党员活动室,,12,3,金堂,751,0%,春日的公园，花开如海，美不胜收。
高庙山,,12,3,成都,406,0%,沙漠的黄昏，大地与天空同色，壮观迷人。
崇镇寺,,12,3,崇州,751,0%,夜晚的露营地，篝火晚会，温馨而快乐。
成都马鞍山烈士纪念园,,12,2,成都,735,0%,山顶的云海，云蒸霞蔚，如在仙境。
九峰山风景名胜区-亭,,12,2,彭州,703,0%,雪后的公园，银装素裹，纯净美丽。
传博馆,,12,1,都江堰,555,0%,湖面的晨雾，轻轻飘浮，如梦如幻。
轩辕台,,12,1,成都,787,0%,霜降时分，晶莹的霜花装饰着窗户，美轮美奂。
彩叶溪谷,,12,1,成都,403,0%,滨海的摩天轮，高高在上，俯瞰海景。
促进祖国统一,,12,1,大邑,503,0%,雪后的公园，银装素裹，纯净美丽。
成都市青少年宫(锦城公园校区),,12,1,成都,934,0%,夜空中的月亮，皎洁明亮，如冰似玉。
海陆空,,12,1,成都,632,0%,湖面的夜色，月光倒映，静谧优美。
南桥,South Bridge,11,848,都江堰,5,1%,仿古廊桥，有精美的彩绘和木雕，夜景很漂亮，附近有美食街。
灌县古城,Ancient Town of Guan County,11,150,都江堰,5,0%,夜晚的灯塔，发出的光芒，引导着远航者。
云顶山,"Yunding Mountain Scenic Area, Jintang",11,91,金堂,49,0%,不错的登山休闲之地，非常的清幽，山上还有千年古寺可以祈福。
桃花故里景区,Taohua Scenic Resort,11,79,成都,204,0%,山脉的清晨，云雾环绕，如仙境一般。
老成都民俗公园,The Old Chengdu Folk Park,11,70,成都,252,0%,夜幕下的城市，灯火辉煌，繁星似的街灯。
白塔湖景区,White Pagoda Lake,11,34,崇州,5,0%,草原上的野花开遍了每一个角落，如同大地的织锦。
彭州龙门山地震遗址公园,Pengzhou Longmen Mountain Earthquake Site Park,11,33,彭州,163,0%,山顶的日出，阳光洒满大地，希望的光芒。
圆明宫,Yuanming Palace,11,19,都江堰,41,0%,始建于明代万历年间的道观，观内供奉着圆明道母天尊。
宝塔寺,,11,15,彭州,562,0%,夏日的草地，绿草茵茵，蝴蝶飞舞。
乐享成长空间,,11,15,成都,979,0%,滨海的旅游小镇，悠闲的生活，海的味道。
别有洞天,,11,14,成都,706,0%,炊烟袅袅，升起在清晨的乡村，带来家的味道。
古径萧院,,11,14,崇州,865,0%,海上的日落，天际一片金红，壮丽的景象。
环卫工人休息室,,11,14,成都,563,0%,秋日的湖边，湖面波光粼粼，风景如画。
赵家镇三烈社区再生资源回收点,,11,14,金堂,349,0%,星光灿烂，银河横跨夜空，闪烁着光芒。
草原飞鹰,,11,14,成都,582,0%,海边的日落，余晖洒满海面，金光闪闪。
碑廊,,11,14,成都,463,0%,雪中的松树，枝头挂满雪花，银白世界。
交子百业-亲水平台,,11,14,成都,591,0%,夏日的河边，垂柳依依，清凉宜人。
文殊阁,,11,14,成都,984,0%,草丛中的露水，晶莹剔透，清新自然。
宝胜葡萄基地观景t望台,,11,14,成都,361,0%,雪后的公园，银装素裹，纯净美丽。
羊子山古蜀祭坛遗址,,11,14,成都,477,0%,滑雪场的冬日，雪地里的速度与激情，寒冷中的热情。
古坛寺,,11,14,成都,453,0%,炎热的沙漠，广袤无垠，生命的顽强。
华西大健康产业功能区展示中心,,11,13,成都,667,0%,海边的帆船，随风而动，探索无限。
地球村・蓝莓谷,,11,13,蒲江,756,0%,露天音乐会，音乐与自然的融合，激动人心。
千亩海棠花园,,11,13,蒲江,692,0%,露天的茶座，品味茶香，享受宁静。
房车露营,,11,12,成都,725,0%,农田的秋天，丰收的季节，金黄色的田野。
2024年成都世界园,,11,12,成都,487,0%,冬季的林道，雪花飘飘，寒风凛冽。
华侨城安仁时光小镇,,11,12,大邑,317,0%,平原上的稻田，金黄一片，秋季的收获。
滴水岩,,11,12,成都,507,0%,晨雾缭绕，山间如同仙境一般。
通罨河衢,,11,12,成都,541,0%,秋风吹过，落叶满地，金黄一片。
诸葛庙,,11,12,成都,601,0%,雨后的山谷，清新脱俗，空气湿润。
四川行政财贸管理干部学院图书馆,,11,12,成都,836,0%,山脚的小村庄，宁静祥和，远离喧嚣。
滨河景点,,11,12,成都,639,0%,雪中的松树，枝头挂满雪花，银白世界。
红小胖雕塑,,11,12,成都,330,0%,河流的倒影，如同绘画，美不胜收。
延福寺,,11,12,邛崃,913,0%,雨季的绿色，生机勃勃，绿色覆盖大地。
创新水族馆(大源西街店),,11,11,成都,762,0%,花园中的蝴蝶，翩翩起舞，色彩斑斓。
屿沣游泳主题水乐园(锦官新城店),,11,11,成都,598,0%,湖面的夜色，月光倒映，静谧优美。
六八零营地,,11,11,都江堰,783,0%,秋天的公园，银杏叶黄，铺满一地黄金。
江安湖RiverLakeArea,,11,11,成都,962,0%,晨光中的湖畔，湖面波光粼粼，宁静致远。
雪山山门,,11,10,成都,67,0%,晨曦的山峦，阳光洒满山间，光影交错。
穿林林,,11,10,成都,449,0%,高山的夜晚，繁星点点，宁静致远。
成发文体中心,,11,10,成都,493,0%,远处的山峦，层叠起伏，宛如水墨画。
星羽滑翔伞航空文旅综合营地,,11,10,成都,960,0%,高峰的岩石，经历风雨的洗礼，坚硬如铁。
中式风车,,11,10,成都,662,0%,高山上的松鼠，活泼可爱，自由自在。
亚蓉欧国家馆4号馆,,11,10,成都,381,0%,沙滩上的日落，大海和夕阳同辉，景色迷人。
琳琅景观,,11,10,成都,621,0%,山中的泉水，清甜可口，自然的恩赐。
观山亭,,11,10,都江堰,620,0%,沙滩上的脚印，记录着旅人的足迹，故事连连。
成都市青白江区文化馆,,11,10,成都,666,0%,夏日的草地，绿草茵茵，蝴蝶飞舞。
稻花乡生态田园,,11,10,成都,881,0%,日出东海，晚归山色，美不胜收。
梦之源,,11,10,成都,472,0%,海浪拍岸，发出阵阵响声，激荡人心。
都统岩露营地,,11,9,崇州,527,0%,夏日的河边，垂柳依依，清凉宜人。
o园精舍,,11,9,成都,402,0%,冬日的雪景，白雪皑皑，银装素裹。
青城醉翁亭,,11,9,都江堰,722,0%,夜晚的海滩，海浪拍打，潮声阵阵。
铁牛村未来乡村公园社区,,11,9,蒲江,670,0%,湖边的清晨，水雾弥漫，如梦如幻。
知书Library,,11,9,大邑,673,0%,夏日的河边，垂柳依依，清凉宜人。
回望万象,,11,9,成都,813,0%,冬季的林道，雪花飘飘，寒风凛冽。
星光游乐园,,11,9,成都,848,0%,公园的秋日，落叶纷飞，金黄一片。
侏罗纪公园,,11,9,成都,682,0%,晨曦的山峦，阳光洒满山间，光影交错。
青铜器馆,,11,8,成都,325,0%,星光灿烂，银河横跨夜空，闪烁着光芒。
法鼎,,11,8,成都,725,0%,秋天的森林，五彩缤纷，美不胜收。
来亭,,11,8,成都,807,0%,夏日的河边，垂柳依依，清凉宜人。
陈子昂雕塑,,11,8,成都,567,0%,花海中漫步，色彩斑斓，如置身梦境。
藏经阁,,11,8,成都,721,0%,秋日的果园，硕果累累，香气四溢。
大河村妇女儿童之家,,11,8,成都,877,0%,河畔的夜晚，月光下的河流，静谧而美丽。
竹江亭,,11,8,都江堰,350,0%,雨后的林间，空气清新，山色更翠。
社区音乐博物馆,,11,8,成都,788,0%,秋天的田野，稻谷泛黄，金色的波浪。
白鹤山西塔,,11,8,邛崃,939,0%,夏日的草地，绿草茵茵，蝴蝶飞舞。
柏合街道综合文化服务中心,,11,7,成都,827,0%,河流旁的芦苇，随风摇曳，生态丰富。
都江堰景区管理局驻成都办事处,,11,7,成都,418,0%,雨中的城市，街道湿润，清新的空气。
金融抗战馆,,11,7,大邑,893,0%,夕阳下的河畔，金色的光线，如诗如画。
永乐寺,,11,7,邛崃,678,0%,海边的晨光，海浪轻拍，阳光金灿。
瑞霭兰门,,11,7,大邑,679,0%,春天的田野，绿草如茵，花开满野。
燕子岩,,11,7,都江堰,721,0%,雨后的彩虹，桥接天地，彩色的希望。
杞人忧天雕塑,,11,7,邛崃,744,0%,山脚的小村庄，宁静祥和，远离喧嚣。
西南石油大学-校史馆,,11,6,成都,868,0%,沙漠中的绿洲，生机勃勃，绿意盎然。
蜀琴桥,,11,6,成都,625,0%,古镇的石桥，见证了千年的流转，依旧坚固。
堂音观,,11,6,成都,542,0%,农村的晨曦，炊烟袅袅，生活的味道。
黄家坟山,,11,6,金堂,949,0%,雨后的彩虹，桥接天地，彩色的希望。
刘氏西珍公祠,,11,6,成都,501,0%,秋高气爽的山间，风清气朗，心旷神怡。
青云阁,,11,6,都江堰,379,0%,公园的秋日，落叶纷飞，金黄一片。
七彩多肉植物园,,11,6,大邑,420,0%,炊烟袅袅，升起在清晨的乡村，带来家的味道。
智能穿戴科技馆(武侯区长寿路店),,11,5,成都,557,0%,湖泊的早晨，轻雾缭绕，宁静致远。
孔雀园,,11,5,成都,420,0%,雨后的山林，空气清新，山色更加青翠。
支前模范雕塑,,11,5,大邑,611,0%,雨后的彩虹，桥接天地，彩色的希望。
吉林春堂图书馆,,11,5,成都,370,0%,秋季的公园，五彩斑斓的落叶，铺满小径。
星际空间科学馆,,11,4,成都,363,0%,沙漠的黄昏，大地与天空同色，壮观迷人。
刘文辉旧居陈列馆-放映厅,,11,4,大邑,854,0%,星光灿烂，银河横跨夜空，闪烁着光芒。
黑帐篷・轻奢营地,,11,4,成都,714,0%,潺潺的溪流，穿过森林，流向远方的海洋。
熊山-藏马熊,,11,4,成都,371,0%,河流在城市中穿行，像一条闪亮的丝带。
童心园儿童游乐园,,11,4,成都,786,0%,雨中的街道，雨滴跳跃，清新洗净。
锦绣台,,11,4,成都,675,0%,高原的天空，蓝得深邃，云彩飘渺。
熊猫巴士景区直通车(王府井店),,11,3,成都,639,0%,瀑布飞流直下，水雾飘渺，景色壮观。
九龙泉,,11,3,彭州,800,0%,露天的茶座，品味茶香，享受宁静。
鳖灵拓峡,,11,3,金堂,799,0%,山脚的小村庄，宁静祥和，远离喧嚣。
布衣小院,,11,3,崇州,564,0%,雪后的公园，银装素裹，纯净美丽。
川派盆景小镇,,11,3,成都,916,0%,山谷中的秋色，层林尽染，色彩斑斓。
城隍庙,,11,3,崇州,647,0%,河流旁的芦苇，随风摇曳，生态丰富。
东安街道老书房,,11,3,成都,344,0%,春天的田野，绿草如茵，花开满野。
和淦城市中心公园,,11,2,成都,871,0%,小桥流水，人家更显得安详宁静。
坤达陶琉大观园,,11,2,成都,544,0%,雨后的彩虹，桥接天地，彩色的希望。
白鹭洲湿地,,11,2,成都,545,0%,星光灿烂，银河横跨夜空，闪烁着光芒。
高原河谷,,11,2,都江堰,934,0%,露天的茶座，品味茶香，享受宁静。
佛肚崖,,11,2,邛崃,934,0%,夏日的草地，绿草茵茵，蝴蝶飞舞。
雅悦书阁,,11,2,成都,754,0%,青山绿水，碧波荡漾，如画一般。
&quot;学习强国&quot;主题街区,,11,1,成都,855,0%,湖泊的早晨，轻雾缭绕，宁静致远。
静庐,,11,1,成都,808,0%,秋天的森林，五彩缤纷，美不胜收。
杀人霸产雕塑,,11,1,大邑,870,0%,热带雨林的深处，充满神秘，生命力旺盛。
湿地千年乌木,,11,1,成都,706,0%,海岛上的椰影，摇曳生姿，风情万种。
萤火虫山谷,,11,1,邛崃,760,0%,海上的日落，天际一片金红，壮丽的景象。
娃娃部落(旺玛特广场店),,11,1,成都,437,0%,高山的夜晚，繁星点点，宁静致远。
二王庙,Erwang Temple,10,296,都江堰,36,1%,纪念都江堰工程的开凿者――李冰父子的祀庙，背山面水，环境幽静。
飞沙堰,Feisha Dam,10,95,都江堰,10,1%,都江堰水利工程的重要部分，具有泄洪排沙的功能。
成都蜀锦织绣博物馆,Chengdu Shujin Embroidery Museum,10,84,成都,110,0%,国内保存有完整的蜀锦手工制作工艺的场馆。
南郊公园,Chengdu Southern Suburb Park,10,81,成都,178,0%,夜晚的海滩，海浪拍打，潮声阵阵。
伏龙观,Fulong Temple,10,50,都江堰,42,1%,建在离堆的上面，三面都是悬崖，观内有东汉时期的李冰石刻像。
赵云墓,,10,15,大邑,4,0%,位于大邑县城东1公里的银屏山下。冢大如小丘，依山而建，气势雄伟泅周有石砌女墙，古柏森森。墓前有清幽雅静的木结构四合院建筑，正中竖有高2．5米、宽1米的墓碑，上刻“仅顺平侯赵云墓”七篆体大字，两侧刻有填金对联：“赤胆永枯江原父老，忠魂犹…
金土社区居委会文化服务中心,,10,15,成都,796,0%,秋天的森林，五彩缤纷，美不胜收。
女眷房,,10,15,大邑,655,0%,山谷中的秋色，一片金黄，美不胜收。
宝镜新村文化院坝,,10,15,邛崃,549,0%,草原上的野花开遍了每一个角落，如同大地的织锦。
金华山,Jinhuafu Mountain,10,14,邛崃,382,0%,雪后的松林，静谧祥和，银装素裹。
白云群洞,,10,14,都江堰,701,0%,夏日的泳池，清凉解暑，水中乐趣。
玉皇山慈云阁,,10,14,金堂,966,0%,湖面上的划船，轻轻摇曳，平静的水面。
玄乐,,10,14,成都,917,0%,雨中的城市，清新而湿润，洗净尘埃。
成都市第四军队离退休干部休养所,,10,14,成都,658,0%,山间的小溪，潺潺流水，清澈见底。
城厢武庙,,10,14,成都,771,0%,秋风的午后，微风送爽，落叶飘飘。
古椿园,,10,14,都江堰,929,0%,繁星之下，夜空深邃，让人感受到宇宙的浩瀚。
新川儿童公园,,10,14,成都,687,0%,河岸的石头，经过水流的冲刷，光滑如镜。
江都名园,,10,14,都江堰,305,0%,山顶的云海，云蒸霞蔚，如在仙境。
大熊猫2号馆,,10,13,成都,306,0%,雪地里的足迹，记录着旅人的脚步，探索的痕迹。
孝恩堂,,10,13,成都,449,0%,湖边的清晨，水雾弥漫，如梦如幻。
张圣奘故居,,10,13,成都,728,0%,夏夜星空，繁星点点，如梦如幻。
马掌野行北门露营仓库,,10,13,成都,862,0%,梅雨季节的竹林，绿意盎然，雨滴点点。
极客户外运动露营基地,,10,13,金堂,769,0%,海岛上的椰影，摇曳生姿，风情万种。
绿洲园林小镇,,10,13,成都,383,0%,炊烟袅袅，升起在清晨的乡村，带来家的味道。
爱乐园(晨辉东路店),,10,12,成都,778,0%,湖光山色，风景如画，美不胜收。
溪野.卡丁车露营地,,10,12,彭州,415,0%,秋天的田野，稻谷泛黄，金色的波浪。
鹏基石材艺术馆,,10,11,成都,924,0%,湖光山色间的小舟，缓缓行驶，悠闲自得。
朱家湾飞行营地,,10,11,成都,320,0%,山顶的云海，云蒸霞蔚，如在仙境。
八角古井,,10,11,成都,895,0%,湖边的清晨，水雾弥漫，如梦如幻。
成都恋爱博物馆,,10,11,成都,531,0%,晴朗的天空下，白云朵朵，如棉花糖。
上海泰御堂图书馆,,10,11,成都,539,0%,高山流水，回荡着清脆的琴声，悠扬入耳。
水井坊文化美学馆022,,10,11,成都,511,0%,公园的傍晚，散步的人们，一天的结束。
安妮花阅读馆(通用时代店),,10,11,成都,587,0%,晨跑的小道，清新的空气，充满活力。
龙泉,,10,10,成都,58,0%,位于成都市东部龙尔山上，是1984年以来新开辟的市级风景名胜区。包括花果山、百工堰、龙泉湖、石径寺等景区景点。
六o馆,,10,10,成都,748,0%,炊烟袅袅，升起在清晨的乡村，带来家的味道。
萌咪佳阅读馆,,10,10,成都,314,0%,春天的花丛，花香袭人，色彩斑斓。
跳跳云朵,,10,10,成都,739,0%,雪后的松林，静谧祥和，银装素裹。
三皇寺,,10,10,崇州,498,0%,雨后的森林，空气清新，万物更新。
财神祖庙,,10,10,都江堰,701,0%,冬季的林道，雪花飘飘，寒风凛冽。
四川省视力保护科普基地眼镜博物馆,,10,10,成都,982,0%,海上的日落，天际一片金红，壮丽的景象。
鼓楼,,10,10,成都,700,0%,雨中的城市，清新而湿润，洗净尘埃。
慎独斋,,10,10,金堂,729,0%,晨曦的山峦，阳光洒满山间，光影交错。
初唐四杰雕塑,,10,9,成都,554,0%,湖泊的黄昏，夕阳无限好，只是近黄昏。
兰景科技馆,,10,9,成都,603,0%,日出东海，晚归山色，美不胜收。
爆发二刘大战,,10,9,大邑,364,0%,平静的湖面上，偶尔掠过的水鸟，留下涟漪。
饮中八仙,,10,9,成都,854,0%,古镇的河流，古朴的风情，悠久的历史。
鸿蒙遗石,,10,9,都江堰,557,0%,山间的云雾，缥缈间，仿佛仙境。
青青麓营地,,10,9,成都,950,0%,山顶的日出，阳光洒满大地，希望的光芒。
NAEC美育学生作品展,,10,8,成都,662,0%,沙漠的日落，天边一抹残阳，如火如血。
大熊猫4号馆,,10,8,成都,638,0%,高山上的日落，晚霞如火，壮丽无比。
党建馆,,10,8,成都,985,0%,雪中的松树，枝头挂满雪花，银白世界。
宝藏寺,,10,8,邛崃,809,0%,冬季的河流，冰封河面，静谧无声。
凤仪阁,,10,8,成都,641,0%,夏夜的荷塘，荷叶田田，荷花盛开。
僖宗遗础,,10,8,成都,534,0%,秋天的果实，硕果累累，丰收的喜悦。
万木留香博物馆宴会中心,,10,7,彭州,665,0%,高山上的日落，晚霞如火，壮丽无比。
muse week(天荟・万科广场店),,10,7,成都,399,0%,繁星之下，夜空深邃，让人感受到宇宙的浩瀚。
诗圣杜甫雕塑,,10,7,成都,660,0%,古镇的石桥，见证了千年的流转，依旧坚固。
千亩荷塘荷花基地,,10,7,崇州,979,0%,海边的晨光，海浪轻拍，阳光金灿。
荷花观赏区,,10,7,成都,698,0%,秋天的树林，五彩缤纷，如诗如画。
滨江绿道,,10,7,成都,764,0%,山顶的云海，云蒸霞蔚，如在仙境。
白塔寺,,10,7,邛崃,307,0%,晨曦的山峦，阳光洒满山间，光影交错。
中和湿地-湖区段,,10,7,成都,931,0%,草原上的野花开遍了每一个角落，如同大地的织锦。
成都市龙泉驿区第二十二小学生乡村学校少年宫,,10,7,成都,343,0%,春日的樱花，粉嫩花瓣，如云似霞。
影境仿真植物景观,,10,6,成都,978,0%,瀑布从高崖上直泻而下，声如雷鸣，气势磅礴。
含翠轩,,10,6,成都,892,0%,高山的夜晚，繁星点点，宁静致远。
萌宠乐园-雕塑/相聚,,10,6,成都,644,0%,星光点点，夜空深邃，宁静而深远。
西岭雪山大飞水景区-英雄岗纪念碑,,10,6,大邑,381,0%,公园的秋日，落叶纷飞，金黄一片。
白鹭湾科技生态园,,10,6,成都,863,0%,秋高气爽的山间，风清气朗，心旷神怡。
四川爱华学院图书馆,,10,6,成都,928,0%,夏日的草地，绿草茵茵，蝴蝶飞舞。
成都高新区文化馆石羊街道分馆,,10,6,成都,420,0%,林间小径，鲜花簇拥，步入其中如入花海。
蝴蝶滩,Butterfly Beach,10,5,邛崃,19,0%,湿地上的芦苇，随风摇曳，生态丰富。
天宫寺,,10,5,大邑,453,0%,湖光山色，相映成趣，风景如画。
晨曦露营地,,10,5,成都,920,0%,河畔的春天，绿树成荫，鸟语花香。
滨河憩园,,10,5,成都,977,0%,河流的倒影，如同绘画，美不胜收。
绿洲植物园,,10,5,成都,769,0%,高山上的日落，晚霞如火，壮丽无比。
清风亭,,10,5,成都,692,0%,雨中的城市，清新而湿润，洗净尘埃。
大溪谷旅游度假区,,10,5,蒲江,872,0%,高山的夜晚，繁星点点，宁静致远。
王音庙,,10,5,金堂,984,0%,雾气中的城堡，如同童话中的场景，神秘莫测。
五龙沟,Wulong Ditch,10,4,都江堰,28,0%,夏日的草地，绿草茵茵，蝴蝶飞舞。
蒲砚村村史馆,,10,4,蒲江,774,0%,春天的田野，绿草如茵，花开满野。
中国当代绘画交流作品陈列馆,,10,4,彭州,957,0%,夏夜的荷塘，荷叶田田，荷花盛开。
安妮华阅读馆(皇冠国际店),,10,4,成都,320,0%,远山如黛，层峦叠嶂，青绿交织。
青禾生活文化馆,,10,4,成都,538,0%,农村的晨曦，炊烟袅袅，生活的味道。
城市星野-兴隆湖营地,,10,4,成都,351,0%,夜晚的星空，满天星斗，宁静深远。
驼峰过山车,,10,4,成都,464,0%,雨中的城市，街道湿润，清新的空气。
仁义林,,10,4,成都,621,0%,雨中的街道，雨滴跳跃，清新洗净。
笔山寺,,10,4,邛崃,889,0%,沙滩上的脚印，记录着旅人的足迹，故事连连。
向家垭口,,10,3,金堂,888,0%,瀑布飞流直下，水雾飘渺，景色壮观。
萤火竹舍,,10,3,成都,639,0%,海边的帆船，随风而动，探索无限。
桂花林,,10,3,邛崃,678,0%,湖泊的早晨，轻雾缭绕，宁静致远。
竹歌稻甲甲鱼生态养殖基地,,10,3,金堂,802,0%,林间小路，光影斑驳，仿佛通往未知的世界。
花海梯田,,10,3,崇州,484,0%,雨季的绿色，生机勃勃，绿色覆盖大地。
海洋世界,,10,3,成都,599,0%,湖泊的早晨，轻雾缭绕，宁静致远。
十二桥遗址,,10,2,成都,179,0%,十二桥遗址位于四川省成都市蜀都大道十二桥路，是十二桥文化的中心聚落遗址，为商代至西周（公元前1700－前771年）建筑遗址。
何家大院露营地,,10,2,崇州,618,0%,冰川在阳光的照射下闪耀着光芒，宛如世界的尽头。
礼法洛水,,10,2,成都,728,0%,湖边的清晨，水雾弥漫，如梦如幻。
张仲景雕像,,10,2,成都,682,0%,繁星之下，夜空深邃，让人感受到宇宙的浩瀚。
脚踏船,,10,2,成都,956,0%,雨后的彩虹，桥接天地，彩色的希望。
星光灿烂蜡像馆,,10,2,成都,873,0%,秋天的树林，五彩缤纷，如诗如画。
乾三门,,10,1,成都,995,0%,雨后的山谷，清新脱俗，空气湿润。
成都大学斯特灵学院-阅览室,,10,1,成都,913,0%,峡谷之中，回声悠长，仿佛在诉说着古老的传说。
酱园公所,,10,1,成都,830,0%,海上的日出，光芒万丈，希望的开始。
红桐艺术陵园,,10,1,成都,813,0%,绿色的田野上，风吹麦浪，波光粼粼。
雾中山,,10,1,大邑,558,0%,霜降时分，晶莹的霜花装饰着窗户，美轮美奂。
了凡木文化博物馆,,10,1,成都,392,0%,梦幻的海岛，碧海蓝天，美不胜收。
儿童爬山车,,10,1,成都,321,0%,沙漠中的绿洲，生机勃勃，绿意盎然。
金城寺,,10,1,彭州,524,0%,晨雾中的古桥，宛如通往另一个世界的门户。
海棠花境,,10,1,成都,653,0%,湖中的小岛，静谧而神秘，探索的乐趣。
望丛祠,Pi County Wangcong Memorial,9,194,成都,202,0%,纪念古蜀国两位著名君主望帝和丛帝合葬的墓地和祠宇。
玉垒山公园,Yuleishan Park,9,120,都江堰,23,0%,公园内树木茂盛，还有一段明代的古城墙，是当地人晨练的地方。
客家农耕文化景观,,9,15,成都,411,0%,夜晚的萤火虫，点缀着夏夜，如同地上的星星。
精品蜀绣展示,,9,15,成都,452,0%,沙滩上的日落，大海和夕阳同辉，景色迷人。
湖心岛,,9,15,成都,385,0%,山脚的小村庄，宁静祥和，远离喧嚣。
都江堰民族,,9,15,都江堰,948,0%,密林深处的小溪，静静流淌，清澈见底。
成都市金牛区人民政府健康主题公园,,9,15,成都,859,0%,山顶的云海，云蒸霞蔚，如在仙境。
石经寺-客堂,,9,15,成都,720,0%,春日的樱花，粉嫩花瓣，如云似霞。
红军在大邑历史展览室,,9,15,大邑,854,0%,秋风萧瑟，金黄的叶片纷纷扬扬。
安澜索桥陈列室,,9,14,都江堰,605,0%,迷雾中的山峰，神秘莫测，引人探索。
童梦花园,,9,14,成都,539,0%,夏夜的荷塘，荷叶田田，荷花盛开。
环卫工人休息室,,9,14,都江堰,693,0%,晨光中的湖畔，湖面波光粼粼，宁静致远。
花语长廊,,9,14,成都,448,0%,秋日的湖边，湖面波光粼粼，风景如画。
鲁家滩沙滩,,9,14,成都,646,0%,热带海岛的早晨，海风习习，椰风海韵。
同堂馆,,9,14,成都,639,0%,雨后的山谷，清新脱俗，空气湿润。
贤仁草庐,,9,13,成都,711,0%,草丛中的露珠，犹如清晨的眼泪，清新而纯洁。
天彭镇牡丹生态旅游产业园,,9,13,彭州,479,0%,早晨的海面，日光照射，波光粼粼。
花园城湖滨公园,,9,13,成都,621,0%,雪后的公园，银装素裹，纯净美丽。
庾信雕塑,,9,13,成都,985,0%,河流的倒影，如同绘画，美不胜收。
叙兰亭,,9,13,成都,405,0%,秋天的丰收，果实累累，田野一片金黄色。
清代石狮,,9,13,成都,340,0%,公园的早晨，晨练的人们，生活的节奏。
忘忧宫,,9,13,成都,847,0%,河岸的花朵，随风摇曳，芬芳扑鼻。
观音寺,,9,13,成都,617,0%,晴朗的夜晚，满天星斗，璀璨夺目。
散花书院,,9,13,成都,945,0%,山谷中的秋色，层林尽染，色彩斑斓。
温江鲁家滩湿地公园-露营地,,9,13,成都,518,0%,热带雨林的午后，热气腾腾，生机勃勃。
康家沟,Kangjiagou,9,12,邛崃,569,0%,河流的倒影，如同绘画，美不胜收。
都安井,,9,12,成都,795,0%,高峰的岩石，经历风雨的洗礼，坚硬如铁。
桃源铭步道-露营地,,9,12,成都,519,0%,公园的早晨，晨练的人们，生活的节奏。
天鹅湖,,9,12,成都,825,0%,海滨的日出，海平面上升起的太阳，光彩夺目。
兴家报国,,9,12,成都,994,0%,公园的秋日，落叶纷飞，金黄一片。
小飞侠高空观光,,9,11,成都,322,0%,冬季的河流，冰封河面，静谧无声。
三义庙,,9,11,大邑,752,0%,山脉的清晨，云雾环绕，如仙境一般。
三苏雕塑,,9,11,成都,901,0%,山顶的云海，云蒸霞蔚，如在仙境。
川主庙,,9,11,邛崃,375,0%,夜晚的城市公园，灯光与夜色交织，美轮美奂。
大明寺,,9,11,金堂,848,0%,高山上的日落，晚霞如火，壮丽无比。
成都建工工地大千博物馆,,9,11,成都,857,0%,古镇的河流，古朴的风情，悠久的历史。
原野GLAMPING ・理想营地,,9,11,成都,657,0%,夜晚的星空，满天星斗，宁静深远。
千禧宝贝青少年馆,,9,11,成都,438,0%,雪后山村，银装素裹，一片宁静。
四川博物院-展厅,,9,10,成都,609,0%,农田的秋天，丰收的季节，金黄色的田野。
安仁彩灯不夜城(周家大院),,9,10,大邑,598,0%,夜晚的海滩，海浪拍打，潮声阵阵。
未央湖,,9,10,成都,817,0%,日出东海，晚归山色，美不胜收。
吕祖殿,,9,10,成都,311,0%,湖面的清晨，水雾弥漫，如梦如幻。
汽车主题公园,,9,10,成都,725,0%,山间的小溪，潺潺流水，清澈见底。
王爷庙,,9,10,大邑,882,0%,湖中的倒影，清晰可见，仿佛另一个世界。
标本博物馆荒石公园,,9,10,成都,965,0%,冬日的暖阳，温暖而宁静，慵懒地洒在地上。
海回寺,,9,9,邛崃,383,0%,热带雨林，充满生机，绿色覆盖每一寸土地。
都江堰市海星水族馆,,9,9,都江堰,531,0%,夜晚的星空，闪烁的星星，璀璨如梦。
环卫工人休息室,,9,9,成都,482,0%,热带雨林，充满生机，绿色覆盖每一寸土地。
水竹居,,9,9,成都,869,0%,潺潺的溪流，穿过森林，流向远方的海洋。
金堂县三烈党史陈列室,,9,9,金堂,533,0%,沙滩上的日落，大海和夕阳同辉，景色迷人。
宜居水岸露营地,,9,9,成都,816,0%,河畔的垂柳，轻拂水面，添了几分柔情。
小磨房,,9,9,邛崃,866,0%,公园的秋日，落叶纷飞，金黄一片。
萤火虫科普馆,,9,8,成都,383,0%,河岸的石头，经过水流的冲刷，光滑如镜。
接叶亭,,9,8,成都,994,0%,春天的田野，绿草如茵，花开满野。
教z书先生・时间书房,,9,7,成都,675,0%,夏日的泳池，清凉解暑，水中乐趣。
国际盆景赏石协会(BCI)中国地区委员会四川国际交流中心,,9,7,成都,583,0%,湖面的夜色，月光倒映，静谧优美。
酷玩baby儿童乐园,,9,7,成都,527,0%,雾中的山路，曲折蜿蜒，充满未知。
安娜利泽雕塑,,9,7,大邑,612,0%,晴天的云朵，轻盈飘逸，变换无穷。
晋风堂,,9,7,成都,415,0%,雪地里的足迹，记录着旅人的脚步，探索的痕迹。
大地魂,,9,7,成都,664,0%,露天音乐会，音乐与自然的融合，激动人心。
桃花岛露营地,,9,7,成都,526,0%,秋日的湖边，湖面波光粼粼，风景如画。
太平社区综合文化活动室,,9,7,成都,323,0%,热带海岛的早晨，海风习习，椰风海韵。
川主庙,,9,7,蒲江,350,0%,海浪拍岸，发出阵阵响声，激荡人心。
卧佛洞,,9,7,都江堰,328,0%,山间的小溪，清澈见底，水声潺潺。
半山亭,,9,7,邛崃,373,0%,湖泊的早晨，轻雾缭绕，宁静致远。
美乐园农家乐度假山庄,,9,6,成都,370,0%,秋天的森林，五彩缤纷，美不胜收。
真武山憩园,,9,6,成都,749,0%,春日的樱花，粉嫩花瓣，如云似霞。
成都欧铁装饰有限公司员工活动室,,9,6,成都,333,0%,滑雪场的冬日，雪地里的速度与激情，寒冷中的热情。
山野・听风,,9,6,成都,927,0%,雪中的松树，枝头挂满雪花，银白世界。
江家艺苑儿童乐园,,9,6,成都,905,0%,农村的晨曦，炊烟袅袅，生活的味道。
豪华转马,,9,6,成都,595,0%,夜晚的星空，闪烁的星星，璀璨如梦。
烈士纪念碑广场,,9,6,彭州,986,0%,寒冷的冬日，暖阳透过云层，温暖如春。
草月石庵,,9,5,成都,665,0%,冬季的雪景，银装素裹，世界变得宁静。
青白江,,9,5,彭州,316,0%,春天的樱花，如云似霞，满树繁花。
山体艺术浮雕墙,,9,5,成都,599,0%,炎热的夏日，清凉的湖水，泳者的天堂。
忘忧谷漂流,,9,5,都江堰,791,0%,公园的秋日，落叶纷飞，金黄一片。
张河鹿.营地,,9,5,成都,692,0%,露珠在花瓣上滚动，晶莹剔透，犹如珍珠。
中建留声记・1982,,9,4,成都,404,0%,古老的城墙，见证了历史的变迁，依然屹立不倒。
成都大熊猫繁育研究基地-救护站,,9,4,成都,768,0%,潺潺的溪流，穿过森林，流向远方的海洋。
四川博物院少儿书画精品展厅,,9,4,成都,576,0%,山间的野餐，享受着自然的馈赠，快乐无比。
龙脊花径,,9,4,成都,837,0%,湖边的垂柳，姿态优美，添了几分诗意。
海窝子古镇-瞿上古都牌坊,,9,4,彭州,433,0%,古镇的河流，古朴的风情，悠久的历史。
索道文化展厅,,9,4,大邑,611,0%,雨中的街道，雨滴跳跃，清新洗净。
天府艺术公园成都市美术馆-B区,,9,4,成都,952,0%,热带雨林的探险，丰富的生物多样性，探秘之旅。
旱溪谷,,9,4,金堂,840,0%,山顶的日出，阳光洒满大地，希望的光芒。
中兴镇梅花大道青城有家,,9,3,都江堰,964,0%,高山上的日落，晚霞如火，壮丽无比。
爱心长廊,,9,3,成都,771,0%,沙漠的日落，天边一抹残阳，如火如血。
海豚交流广场,,9,3,成都,786,0%,夜晚的星空，闪烁的星星，璀璨如梦。
新都漫花庄园-游船,,9,3,成都,690,0%,湖光山色，风景如画，美不胜收。
兴乐桥,,9,2,邛崃,14,0%,晚上在兴乐桥河坝可以放河灯和孔明灯。
刚侯园,,9,2,成都,934,0%,滨海的摩天轮，高高在上，俯瞰海景。
成都文艺志愿者活动基地,,9,2,大邑,954,0%,热带海岛的早晨，海风习习，椰风海韵。
观佛崖,,9,2,邛崃,408,0%,山谷间的回声，如同古老的歌谣，回荡在空中。
玉岸长堤,,9,2,成都,529,0%,湖面的晨雾，轻轻飘浮，如梦如幻。
观音庙,,9,2,成都,831,0%,沙漠的早晨，日出东方，光芒四射。
李清照雕塑,,9,1,成都,967,0%,山中的泉水，清甜可口，自然的恩赐。
羊马街道中华社区文化活动室,,9,1,崇州,805,0%,晨跑的小道，清新的空气，充满活力。
花舞人间,Flower Dance World,8,684,成都,18,0%,园内有大量的花卉，是赏花休闲的好地方，还能参加亲子采摘活动。
平乐古镇,Pingle Ancient Town,8,446,邛崃,1,1%,以原生态的川西古建筑和古朴民风著称，还有川西一绝“乐善桥”。
离堆公园,Lidui Park,8,299,都江堰,6,1%,都江堰景区的入口，有伏龙观和都江堰博物馆等景点。
上清宫,Shangqing Palace,8,162,都江堰,37,1%,青城山里位置最高的道观，香火旺盛可以祈福，也适合观日出。
天然图画,Natural Picture Workshop,8,51,都江堰,32,0%,建于清朝的亭阁，还是登山路上的一处补给站。
邛崃竹溪湖,Qionglai Zhuxi Lake,8,44,邛崃,16,0%,海上的日出，光芒万丈，希望的开始。
百丈长桥,Baizhang Bridge,8,21,都江堰,29,0%,蜿蜒百米的木桥，桥下清澈的流水，头上绿荫遮日，避暑的好地方。
花溪美育基地,,8,15,都江堰,351,0%,湖面的夜色，月光倒映，静谧优美。
张志和故居,,8,15,邛崃,579,0%,夏夜星空，繁星点点，如梦如幻。
津津希望儿童乐园,,8,15,成都,758,0%,山间的小溪，清澈见底，水声潺潺。
功勋林,,8,15,成都,561,0%,山顶上的草原，风吹草低见牛羊，广阔无垠。
平沙落雁-二期,,8,15,邛崃,449,0%,晴朗的夜晚，满天星斗，璀璨夺目。
半边山,,8,15,成都,675,0%,秋天的田野，稻谷泛黄，金色的波浪。
都江堰蓉城花韵,,8,14,都江堰,346,0%,夜晚的灯塔，发出的光芒，引导着远航者。
郸都区徐堰河柏条河府河,,8,14,成都,858,0%,密林深处的野花，色彩斑斓，竞相开放。
龙溪谷戏水区,,8,14,成都,483,0%,夜晚的海滩，海浪拍打，潮声阵阵。
沙河源街道图书阅览室,,8,14,成都,534,0%,夜晚的星空，满天星斗，宁静深远。
成都大熊猫繁育研究基地-观光车大熊猫博物馆站,,8,13,成都,344,0%,清晨的露水闪烁着光芒，如同镶嵌在绿叶上的珍珠。
大堡礁海洋乐园,,8,13,成都,509,0%,清晨的田野上，露珠闪烁，一派生机盎然。
南天灵官殿,,8,13,都江堰,624,0%,晨光中的湖畔，湖面波光粼粼，宁静致远。
花田社区书房,,8,13,成都,744,0%,星光点点，夜空深邃，宁静而深远。
晴彩轩阳光房凉亭,,8,13,成都,793,0%,公园的秋日，落叶纷飞，金黄一片。
百神殿,,8,13,成都,912,0%,雨中的城市，街道映着灯光，梦幻般的美。
九陇运动公园,,8,13,彭州,740,0%,晨曦的山峦，阳光洒满山间，光影交错。
幸福松鼠,,8,13,金堂,363,0%,森林的小径，幽静而神秘，探索的乐趣。
镇山王,,8,13,都江堰,399,0%,沙漠的日落，天边一抹残阳，如火如血。
金连山,,8,13,金堂,880,0%,潮湿的海滩，细软的沙粒，海浪的歌声。
藏羌探险,,8,13,都江堰,386,0%,河畔的春天，绿树成荫，鸟语花香。
锦清亭,,8,12,成都,624,0%,潮湿的雨林中，瀑布轰鸣，水汽弥漫。
锦官桥,,8,12,成都,723,0%,海上的日出，光芒万丈，希望的开始。
天府锦红美文红旅基地,,8,12,邛崃,545,0%,雾气中的城堡，如同童话中的场景，神秘莫测。
长征雕像,,8,12,邛崃,309,0%,高山上的日落，晚霞如火，壮丽无比。
金凤山樱花溪,,8,12,崇州,629,0%,林间小径，鲜花簇拥，步入其中如入花海。
文昌里,,8,12,邛崃,850,0%,沙漠中的绿洲，生机勃勃，绿意盎然。
大桥湾风铃渡,,8,12,都江堰,817,0%,秋日的背包旅行，发现未知的美，丰富旅程。
芙蓉花海,,8,11,成都,479,0%,高山上的日落，晚霞如火，壮丽无比。
龙岩寺摩崖石刻,,8,11,成都,445,0%,山间的瀑布，水珠飞溅，清凉一夏。
般古,,8,11,成都,452,0%,夜晚的城市公园，灯光与夜色交织，美轮美奂。
域上和美艺术馆艺术体验中心,,8,11,成都,989,0%,春天的樱花，如云似霞，满树繁花。
太乙宫,,8,11,金堂,319,0%,雨后的山谷，清新脱俗，空气湿润。
齐天庙,,8,11,大邑,735,0%,晴天的云朵，轻盈飘逸，变换无穷。
清风廊,,8,10,成都,487,0%,秋日的湖边，湖面波光粼粼，风景如画。
飞越丛林,,8,10,成都,789,0%,夏夜的荷塘，荷叶田田，荷花盛开。
都江古堰二王庙宾馆-会议厅,,8,10,都江堰,483,0%,炎热的午后，阵阵凉风，带来丝丝凉意。
名官祠,,8,10,都江堰,786,0%,高山上的日落，晚霞如火，壮丽无比。
翠月湖,Jade Lake,8,9,都江堰,49,0%,翠月湖位于青城山山麓的岷江河畔，距都江堰8公里，距青城山9公里，依山傍水，翠林环绕，空气清新， 气候宜人，仿佛一颗碧绿的钻石嵌在成都至九寨沟黄金旅游线上。
爱,,8,9,邛崃,916,0%,夜晚的露营地，篝火晚会，温馨而快乐。
上鱼,,8,9,成都,816,0%,山间的小溪，潺潺流水，清澈见底。
猎枪会纪念馆,,8,9,彭州,368,0%,冬季的雪景，银装素裹，世界变得宁静。
三教堂,,8,9,金堂,862,0%,海边的晚霞，晚霞映红了整个天空，美轮美奂。
五显庙,,8,9,金堂,383,0%,雨后的彩虹，横跨天际，绚烂夺目。
郫都区图书馆24小时自助图书馆,,8,9,成都,960,0%,热带雨林的深处，充满神秘，生命力旺盛。
平乐音乐广场,,8,8,邛崃,30,0%,景观音乐广场，为当地人和游客提供一个休闲娱乐的广场。
青云门,,8,8,成都,559,0%,湖中的小岛，静谧而神秘，探索的乐趣。
金色春谷,,8,8,金堂,308,0%,河岸的花朵，随风摇曳，芬芳扑鼻。
三圣花乡・幸福梅林,,8,8,成都,688,0%,草地上的野餐，享受自然的馈赠，家人的欢聚。
陶然亭,,8,8,成都,772,0%,冬季的河流，冰封河面，静谧无声。
桃园(翔凤路),,8,8,都江堰,724,0%,海边的船只，迎着晨光启航，希望的旅程。
白鹭湖,,8,7,成都,490,0%,雨后的森林，空气清新，万物更新。
法式亭子,,8,7,成都,314,0%,雨后的彩虹桥，连接着两岸，象征着希望。
幽篁抚琴雕像,,8,7,成都,401,0%,夜晚的海滩，海浪拍打，潮声阵阵。
保利198公园-观景台,,8,7,成都,723,0%,夏日的草地，绿草茵茵，蝴蝶飞舞。
寿堂,,8,7,大邑,546,0%,雨后的山谷，清新脱俗，空气湿润。
大野溪地露营,,8,7,大邑,646,0%,沙滩上的晚霞，晚霞映红了整个天空，美轮美奂。
钟楼,,8,7,成都,675,0%,雨中的城市，街道湿润，清新的空气。
养勤图书馆,,8,6,成都,424,0%,春天的花丛，花香袭人，色彩斑斓。
第三极,,8,6,成都,470,0%,公园的秋日，落叶纷飞，金黄一片。
翁仲雕像,,8,6,成都,995,0%,河流旁的芦苇，随风摇曳，生态丰富。
五里长坡,,8,6,成都,541,0%,湖中的小岛，静谧而神秘，探索的乐趣。
金韦社区协会组织群众文化阅览室,,8,6,成都,658,0%,沙漠的黄昏，大地与天空同色，壮观迷人。
成都医学院-图书馆,,8,6,成都,566,0%,高山上的日落，晚霞如火，壮丽无比。
东岳庙,,8,6,邛崃,881,0%,海上的日出，光芒万丈，希望的开始。
草堂影壁,,8,6,成都,436,0%,夜晚的海滩，海浪拍打，潮声阵阵。
走江鱼嘴,,8,5,都江堰,344,0%,夏日的草地，绿草茵茵，蝴蝶飞舞。
黑龙潭,,8,5,邛崃,864,0%,海滨的日出，海平面上升起的太阳，光彩夺目。
两河口,Lianghekou,8,5,金堂,841,0%,寒冷的冬日，暖阳透过云层，温暖如春。
清水乐园滩,,8,5,大邑,846,0%,高峰的岩石，经历风雨的洗礼，坚硬如铁。
天台山石牌坊及照壁,,8,5,邛崃,612,0%,露天电影夜，星空下的电影，别有一番风味。
后院,,8,5,成都,349,0%,霜降时分，晶莹的霜花装饰着窗户，美轮美奂。
觅山・露营地,,8,5,崇州,828,0%,晚霞满天，如火如荼，映红了半边天空。
亲子乐园,,8,5,邛崃,370,0%,海边的船只，迎着晨光启航，希望的旅程。
I AM HERE大熊猫,,8,5,成都,406,0%,秋天的森林，五彩缤纷，美不胜收。
有奖扎飞镖,,8,4,成都,715,0%,傍晚的晚霞映红了半边天，如同烈火焚烧。
宝资山森林公园-山恋洞,,8,4,成都,776,0%,山顶的云海，云蒸霞蔚，如在仙境。
观音禅院,,8,4,邛崃,330,0%,夜晚的星空，满天星斗，宁静深远。
天台山萤火虫,,8,4,邛崃,664,0%,雪后的松林，静谧祥和，银装素裹。
武侯区青少年宫(机投),,8,3,成都,639,0%,雪中的松树，枝头挂满雪花，银白世界。
狮子C(师子禅院),,8,3,成都,403,0%,高山上的日落，晚霞如火，壮丽无比。
夔门抒怀,,8,3,成都,355,0%,森林里的小径，幽静而神秘，探险者的天堂。
四川博识营,,8,3,成都,894,0%,夜晚的海滩，海浪拍打，潮声阵阵。
环状花园,,8,3,成都,813,0%,沙漠的早晨，日出东方，光芒四射。
西岭雪山景区-观景台,,8,3,大邑,312,0%,山脉的轮廓，在日落时分显得格外清晰。
黄霖故居红色纪念馆,,8,2,成都,767,0%,炊烟袅袅，升起在清晨的乡村，带来家的味道。
洗墨桥,,8,2,大邑,663,0%,炎热的沙漠，广袤无垠，生命的顽强。
蓝牌体育公园,,8,2,成都,310,0%,秋季的公园，五彩斑斓的落叶，铺满小径。
欢乐童魔方赶海乐园,,8,2,成都,663,0%,潺潺的溪流，穿过森林，流向远方的海洋。
风仙庙,,8,2,成都,406,0%,雪后的松林，静谧祥和，银装素裹。
五福坊,,8,2,成都,895,0%,山川壮丽，江河绵延，自然的伟力展露无遗。
鼓楼,,8,2,成都,340,0%,草原上的帐篷，点点星光，夜晚的灯塔。
儿童动物园-原鸡,,8,1,成都,793,0%,高山上的日落，晚霞如火，壮丽无比。
藤龙寺,,8,1,崇州,823,0%,春天的田野，绿草如茵，花开满野。
网红桥,,8,1,都江堰,571,0%,湖面的清晨，水雾弥漫，如梦如幻。
环卫工人休息室,,8,1,成都,537,0%,滑雪场的冬日，雪地里的速度与激情，寒冷中的热情。
远眺红石尖,,8,1,大邑,575,0%,雨后的山谷，清新脱俗，空气湿润。
对答如流泉,,8,1,成都,565,0%,秋天的田野，稻谷泛黄，金色的波浪。
云鹤亭,,8,1,成都,400,0%,雨中的街道，雨滴跳跃，清新洗净。
两鹭桥,,8,1,成都,356,0%,露天音乐会，音乐与自然的融合，激动人心。
道教科仪文化展厅,,8,1,都江堰,650,0%,冬日里的暖阳，温暖如春，驱散寒冷。
都统岩观景台,,8,1,崇州,334,0%,夏日的草地，绿草茵茵，蝴蝶飞舞。
青城后山,Qingcheng Houshan,7,807,都江堰,3,5%,农家乐小住，随性散步游山，呼吸清新的空气，感受山中的清幽。
成都天台山旅游景区,Tiantai Mountain Tourist Attraction,7,571,邛崃,3,0%,溪流瀑布、奇特的石林，避暑游山的好去处，还是萤火虫观赏基地。
百花潭公园,Baihuatan Park,7,203,成都,73,3%,成都最古老的公园之一，园中还有巴金的故居。
新华公园,Xinhua Park,7,130,成都,79,0%,山间的野餐，享受着自然的馈赠，快乐无比。
合江亭,Hejiang Pavilion,7,113,成都,181,0%,夜景很赞的仿古亭子，新建的爱情斑马线吸引了不少新婚夫妻。
鸡冠山,Jiguanshan Mountain,7,53,崇州,3,0%,极具原生态的公园，秋可赏枫叶，冬可滑雪。
成都市安仁古镇景区管理委员会,,7,15,大邑,628,0%,海边的船只，迎着晨光启航，希望的旅程。
羊马河银杏园,,7,14,崇州,613,0%,夜晚的星空，闪烁的星星，璀璨如梦。
5.12汶川特大地震奎光塔街道抗震救灾恢复重建陈列馆,,7,14,都江堰,921,0%,秋高气爽的山间，风清气朗，心旷神怡。
彭州市军队离退休干部服务中心,,7,14,彭州,930,0%,河流旁的芦苇，随风摇曳，生态丰富。
成都工业文化公园,,7,14,成都,580,0%,绿色的田野上，风吹麦浪，波光粼粼。
简朴宅,,7,14,成都,858,0%,春日的樱花，粉嫩花瓣，如云似霞。
天府鸿锦桥,,7,14,成都,359,0%,高原的湖泊，湛蓝如宝石，清澈见底。
花楸山风景区,,7,13,成都,379,0%,早晨的海面，日光照射，波光粼粼。
中国大鲵雕像,,7,13,成都,447,0%,山顶上的草原，风吹草低见牛羊，广阔无垠。
江家菜地,,7,13,成都,850,0%,雨后的林间，空气清新，山色更翠。
醉为亭,,7,13,成都,395,0%,海上的日出，光芒万丈，希望的开始。
凤华景观,,7,13,成都,572,0%,山谷中的秋色，一片金黄，美不胜收。
怡乐园,,7,13,成都,904,0%,晚风轻拂，湖面泛起层层波纹，如梦似幻。
踏春雕塑,,7,13,成都,338,0%,雨季的绿色，生机勃勃，绿色覆盖大地。
紫竹林,,7,13,成都,906,0%,冬季的河流，冰封河面，静谧无声。
双拥主题文化公园,,7,13,成都,399,0%,山顶的石碑，记录着历史的痕迹，坚固耐久。
秋色园,,7,13,成都,308,0%,密林深处的小溪，静静流淌，清澈见底。
金沙遗址博物馆陈列馆-第一展厅远古家园,,7,13,成都,722,0%,海边的晨光，海浪轻拍，阳光金灿。
水上过山车,,7,13,成都,305,0%,滑雪场的冬日，雪地里的速度与激情，寒冷中的热情。
露营地,,7,12,成都,915,0%,秋天的果实，硕果累累，丰收的喜悦。
全珍生态葡园,,7,12,成都,474,0%,冬日的雪景，白雪皑皑，银装素裹。
斑竹林318房车营地接待中心,,7,12,成都,436,0%,夜晚的星空，闪烁的星星，璀璨如梦。
鹤林寺,,7,12,邛崃,612,0%,山顶的云海，云蒸霞蔚，如在仙境。
盛露台,,7,12,成都,826,0%,古镇的河流，古朴的风情，悠久的历史。
启岸计划雕塑,,7,12,崇州,664,0%,冬季的枯藤老树，虽然萧索，却有一番风味。
光严禅院,Guangyan Temple,7,11,崇州,6,0%,夜晚的城市，高楼大厦，灯火通明。
衡宁红土地庙,,7,11,成都,468,0%,海边的晨光，海浪轻拍，阳光金灿。
宝墩古蜀文明探索营地,,7,11,成都,442,0%,晨光中的露水，闪烁着银光，点缀在草尖上。
达州会客厅,,7,11,成都,733,0%,湖边的垂柳，姿态优美，添了几分诗意。
清白文化园,,7,11,成都,819,0%,海边的船只，迎着晨光启航，希望的旅程。
观音殿,,7,11,金堂,382,0%,湖边的清晨，水雾弥漫，如梦如幻。
食品安全科普体验馆,,7,10,成都,568,0%,冬日的雪景，白雪皑皑，银装素裹。
育苗路社区育仁党支部党员活动室,,7,10,成都,469,0%,秋天的森林，五彩缤纷，美不胜收。
空林寺,,7,10,邛崃,539,0%,海浪拍岸，发出阵阵响声，激荡人心。
尊经阁,,7,10,崇州,790,0%,峡谷之中，回声悠长，仿佛在诉说着古老的传说。
宏如古瓷博物馆,,7,10,成都,650,0%,古镇的夜市，热闹非凡，人声鼎沸。
沧竹轩,,7,9,成都,805,0%,湖光山色间的小舟，缓缓行驶，悠闲自得。
临邛街道西江村黄花风铃木景区,,7,9,邛崃,454,0%,小道蜿蜒，穿过一片片田野，每一步都是风景。
月亮岛,,7,9,成都,966,0%,公园的秋日，落叶纷飞，金黄一片。
烟雨亭(新堰坎),,7,9,都江堰,740,0%,沙漠的日落，天边一抹残阳，如火如血。
潘家祠堂,,7,9,成都,509,0%,日出东海，晚归山色，美不胜收。
冰玉轩,,7,9,成都,496,0%,秋日的湖边，湖面波光粼粼，风景如画。
天宫庙,,7,9,大邑,853,0%,峭壁上的攀岩者，挑战自我，勇气可嘉。
清凉寺,,7,9,成都,805,0%,海岛上的椰影，摇曳生姿，风情万种。
风动石露营景区,,7,9,蒲江,362,0%,露天的茶座，品味茶香，享受宁静。
西康风情,,7,8,大邑,895,0%,秋天的森林，五彩缤纷，美不胜收。
野町营地,,7,8,成都,875,0%,古镇的夜市，热闹非凡，人声鼎沸。
醉卧沙,,7,8,都江堰,550,0%,高原的天空，蓝得深邃，云彩飘渺。
成都市温江区图书馆,,7,8,成都,771,0%,河流的倒影，如同绘画，美不胜收。
大梁老宅,,7,8,邛崃,543,0%,秋天的田野，稻谷泛黄，金色的波浪。
清韵亭,,7,8,成都,676,0%,高原的湖泊，湛蓝如宝石，清澈见底。
花舞人间景区-云海站,,7,8,成都,766,0%,沙滩上的晚霞，晚霞映红了整个天空，美轮美奂。
革命英雄墙,,7,7,邛崃,595,0%,花海中漫步，色彩斑斓，如置身梦境。
都江堰市基督教石羊聚会点,,7,7,都江堰,988,0%,秋高气爽的山间，风清气朗，心旷神怡。
张林林林盘,,7,7,大邑,539,0%,山间的瀑布，水珠飞溅，清凉一夏。
青城山陈家大院(踏景路店),,7,7,都江堰,363,0%,晨曦的山峦，阳光洒满山间，光影交错。
乌龟山,,7,7,成都,553,0%,海边的晚霞，晚霞映红了整个天空，美轮美奂。
柯棣华雕塑,,7,7,大邑,746,0%,农田的秋天，丰收的季节，金黄色的田野。
青城山味江陵园(下街),,7,7,成都,596,0%,海边的晚霞，晚霞映红了整个天空，美轮美奂。
青山药谷景区,,7,7,都江堰,869,0%,夕阳西下，晚霞如火如荼地燃烧。
麓湖生态城云树,,7,7,成都,551,0%,高山上的云海，变幻莫测，壮观美丽。
稻荪楼,,7,7,成都,889,0%,夏日的草地，绿草茵茵，蝴蝶飞舞。
东厢房,,7,6,成都,525,0%,秋季的登山，攀登高峰，俯瞰世界。
成都露天音乐公园-观景看台,,7,6,成都,926,0%,高山的夜晚，繁星点点，宁静致远。
萌宠乐园-水族馆,,7,6,成都,448,0%,秋天的田野，稻谷泛黄，金色的波浪。
赵祠堂,,7,5,蒲江,744,0%,滑雪场的冬日，雪地里的速度与激情，寒冷中的热情。
儿童主题乐园(成都龙泉驿万达广场店),,7,5,成都,766,0%,草丛中的露珠，犹如清晨的眼泪，清新而纯洁。
映雪湖-观景台,,7,5,大邑,880,0%,湖边的清晨，水雾弥漫，如梦如幻。
东安湖公园-1号门(大运广场),,7,5,成都,795,0%,秋天的果实，硕果累累，丰收的喜悦。
聚福堂,,7,4,都江堰,378,0%,雨中的城市，街道湿润，清新的空气。
都江堰景区-李冰纪念馆,,7,4,都江堰,557,0%,秋日的湖边，湖面波光粼粼，风景如画。
云隐木竹,,7,4,彭州,781,0%,古老的城墙，见证了历史的变迁，依然屹立不倒。
大都观云境,,7,4,崇州,310,0%,密林深处的小溪，静静流淌，清澈见底。
华蓉成游乐园,,7,3,彭州,837,0%,秋天的田野，稻谷泛黄，金色的波浪。
五花八门,,7,3,成都,903,0%,热带雨林，充满生机，绿色覆盖每一寸土地。
雨打芭蕉,,7,3,成都,308,0%,雨中的城市，清新而湿润，洗净尘埃。
天府农博主展馆,,7,3,成都,944,0%,海边的帆船，随风而动，探索无限。
空林讲堂,,7,2,成都,464,0%,春日的樱花，粉嫩花瓣，如云似霞。
桂树亭,,7,2,成都,344,0%,傍晚的晚霞映红了半边天，如同烈火焚烧。
锦江生态带云龙湾,,7,2,成都,895,0%,高山的夜晚，繁星点点，宁静致远。
五凤镇,,7,1,成都,359,0%,五凤镇是成都市十个古镇之一，有着多种移民文化，五凤镇沿沱江两岸，距成都市48公里，风景优美，民风淳朴。
天府学院美术馆,,7,1,成都,391,0%,湖面上的划船，轻轻摇曳，平静的水面。
华侨城创意文化园-5号展厅,,7,1,大邑,953,0%,春天的花丛，花香袭人，色彩斑斓。
生活服务中心,,7,1,成都,912,0%,古城的清晨，晨雾笼罩，历史的呼吸。
成都永陵博物馆,Chengdu Yongling Museum,6,227,成都,31,1%,迄今发现的中国唯一一座建于地上的皇陵，地宫内有精美的石刻。
老君阁,Laojun Temple,6,149,都江堰,30,0%,位于青城山第一峰绝顶上，可以远眺岷江和天府平川的美景。
三道堰,Sandaoyan,6,146,成都,1,0%,一座历史悠久的西蜀古镇，拥有独特的建筑风格。
四川美术馆,Sichuan Art Museum,6,77,成都,71,0%,瀑布飞流直下，水雾飘渺，景色壮观。
花乡农居,Hongsha Garden Village,6,36,成都,147,0%,沙滩上的日落，大海和夕阳同辉，景色迷人。
朝阳洞,Chaoyang Cave,6,25,都江堰,20,0%,悬崖峭壁下的天然洞窟，里面建有道观。
爱情斑马线,Love Crosswalk,6,21,成都,17,0%,秋高气爽的山间，风清气朗，心旷神怡。
清溪园,Qingxi Garden,6,20,都江堰,46,0%,迷雾中的山峰，神秘莫测，引人探索。
新津田园牧歌生态农业开发园,Xinjin Idyllic Pastoral Eco-Agricultural Development Park,6,18,成都,156,0%,雨后的彩虹，桥接天地，彩色的希望。
客家人迁徒雕塑,,6,15,成都,751,0%,冬日里的暖阳，温暖如春，驱散寒冷。
赤松观,,6,15,成都,661,0%,露天音乐会，音乐与自然的融合，激动人心。
青杠树童趣乐园,,6,15,成都,381,0%,春日的樱花，粉嫩花瓣，如云似霞。
三神殿,,6,15,成都,796,0%,河流旁的芦苇，随风摇曳，生态丰富。
快乐投篮,,6,15,成都,361,0%,春天的花丛，花香袭人，色彩斑斓。
三清殿,,6,15,大邑,489,0%,湖面的夜色，月光倒映，静谧优美。
百丈关战役雕塑,,6,14,邛崃,741,0%,冬季的河流，冰封河面，静谧无声。
喜爱・惬意时光,,6,14,成都,783,0%,雨中的街道，雨滴跳跃，清新洗净。
蓥华圣庙,,6,14,都江堰,303,0%,春天的花丛，花香袭人，色彩斑斓。
梵音学堂,,6,14,成都,606,0%,夕阳下的河畔，金色的光线，如诗如画。
飞花竹亭,,6,14,成都,871,0%,深林之中，古木参天，生态丰富。
成都农业科技职业学院-图书馆,,6,14,成都,491,0%,晨曦的山峦，阳光洒满山间，光影交错。
元通镇聚源村12组56号观音堂,,6,14,崇州,362,0%,热带雨林，充满生机，绿色覆盖每一寸土地。
瞬息涌现,,6,14,成都,336,0%,山间的小溪，潺潺流水，清澈见底。
江安河公园,,6,13,成都,928,0%,夏夜的星空，繁星点点，如梦如幻。
彩色斑马水乐园,,6,13,成都,898,0%,远方的群山，层层叠叠，笼罩在薄雾中。
悦湖科技城规划馆,,6,13,成都,958,0%,雪中的松树，枝头挂满雪花，银白世界。
莫莉幻想儿童游乐园(犀浦凯德广场店),,6,13,成都,659,0%,草原上的野花开遍了每一个角落，如同大地的织锦。
水韵天府映月静湖,,6,13,成都,759,0%,夏日的草地，绿草茵茵，蝴蝶飞舞。
小祖宗,,6,13,邛崃,526,0%,湖泊的早晨，轻雾缭绕，宁静致远。
贤关,,6,13,崇州,481,0%,热带雨林的午后，热气腾腾，生机勃勃。
飞升台,,6,13,都江堰,459,0%,秋日的林间小路，落叶铺满，黄金大道。
'典'亮人生,,6,12,成都,391,0%,春天的花丛，花香袭人，色彩斑斓。
成都大熊猫繁育研究基地-观光车熊猫塔站,,6,12,成都,983,0%,河流旁的芦苇，随风摇曳，生态丰富。
思源湖,,6,12,成都,550,0%,露天音乐会，音乐与自然的融合，激动人心。
哎哟哟阳光樱桃园,,6,12,大邑,607,0%,湖光山色，相映成趣，风景如画。
夜合岗云海,,6,12,邛崃,583,0%,雨中的城市，街道映着灯光，梦幻般的美。
首钢东境风华小游园,,6,12,成都,793,0%,夜晚的城市，高楼大厦，灯火通明。
青城山沐风露营,,6,12,都江堰,363,0%,秋日的背包旅行，发现未知的美，丰富旅程。
花田湿地,,6,11,成都,339,0%,深秋时节，枫叶红了，像是山林间燃起的火焰。
荷塘月色,,6,11,蒲江,938,0%,夜晚的灯塔，发出的光芒，引导着远航者。
幽簧蹊径,,6,11,成都,816,0%,古镇的夜市，热闹非凡，人声鼎沸。
DISK'O,,6,11,成都,377,0%,山间的小溪，潺潺流水，清澈见底。
乐童王游乐园,,6,11,成都,752,0%,雨中的街道，雨滴跳跃，清新洗净。
巴蜀迷情区,,6,11,成都,970,0%,夜晚的星空，满天星斗，宁静深远。
]月邀竹艺术馆,,6,11,成都,881,0%,沙滩上的日落，大海和夕阳同辉，景色迷人。
成长田野,,6,10,成都,611,0%,早晨的海面，日光照射，波光粼粼。
钓鱼台,,6,9,成都,590,0%,山顶的云海，云蒸霞蔚，如在仙境。
瑞林寺造像,,6,9,成都,611,0%,古镇的石桥，见证了千年的流转，依旧坚固。
德馨亭,,6,9,成都,786,0%,河畔的春天，绿树成荫，鸟语花香。
肖家河辖区生育文化中心,,6,9,成都,960,0%,山间的小溪，潺潺流水，清澈见底。
灌口街道紫东社区文化活动室,,6,9,都江堰,644,0%,森林里的小径，幽静而神秘，探险者的天堂。
老邮局,,6,9,成都,486,0%,秋日的果园，硕果累累，香气四溢。
古银杏,,6,9,成都,766,0%,海滨城市的夜景，灯火辉煌，如梦如幻。
董家垭口,,6,8,都江堰,825,0%,早晨的海面，日光照射，波光粼粼。
龙潭湖游船码头,,6,8,成都,394,0%,夜晚的星空，满天星斗，宁静深远。
百草园农耕科普展厅,,6,8,成都,616,0%,湖泊的早晨，轻雾缭绕，宁静致远。
成都之几美术馆|威尼斯电影节金狮奖VR交互体验《苍穹》,,6,7,成都,510,0%,秋高气爽的山间，风清气朗，心旷神怡。
面水轩,,6,7,成都,424,0%,秋天的林道，落叶铺满，步履如歌。
达芬奇in成都,,6,7,成都,835,0%,星光灿烂，银河横跨夜空，闪烁着光芒。
农业社会化服务中心,,6,7,成都,993,0%,海浪拍岸，发出阵阵响声，激荡人心。
熏风亭,,6,7,成都,543,0%,秋日的阳光，温暖而柔和，金黄色的光线洒在大地上。
奥乐奥儿童乐园(双流西航港店),,6,7,成都,590,0%,雨后的林间，空气清新，山色更翠。
露营地,,6,7,成都,863,0%,秋风的午后，微风送爽，落叶飘飘。
永兴钱庄,,6,7,成都,306,0%,密林深处的野花，色彩斑斓，竞相开放。
小星星儿童乐园(百货大楼店),,6,7,大邑,680,0%,雪后的公园，银装素裹，纯净美丽。
凉风洞,,6,7,都江堰,596,0%,春天的花丛，花香袭人，色彩斑斓。
香樟林,,6,7,成都,745,0%,冬季的滑雪，白雪皑皑的山坡，速度与激情。
花楸风景区,,6,6,成都,381,0%,西出平乐古镇4公里，沿黄金堰至黄花路车行约20分钟，穿过10余里竹海，便到了素有“乡土人家，世外桃源”美誉的花楸山风景区。
susu的1号公园,,6,6,成都,592,0%,热带雨林，充满生机，绿色覆盖每一寸土地。
文殊院(地铁站),,6,6,成都,485,0%,冬季的河流，冰封河面，静谧无声。
趣味钓鱼,,6,6,成都,526,0%,夏日的草地，绿草茵茵，蝴蝶飞舞。
红军长征主题雕塑陈列室,,6,5,邛崃,416,0%,夜晚的星空，闪烁的星星，璀璨如梦。
花神雕像,,6,5,成都,845,0%,公园的秋日，落叶纷飞，金黄一片。
平乐古镇-风情园,,6,5,邛崃,847,0%,雨中的城市，清新而湿润，洗净尘埃。
七彩森林区,,6,5,成都,753,0%,河流旁的芦苇，随风摇曳，生态丰富。
关雎恋情雕像,,6,5,成都,327,0%,海滨城市的夜景，灯火辉煌，如梦如幻。
云柜台,,6,5,成都,368,0%,湖泊的早晨，轻雾缭绕，宁静致远。
雪山龙池,,6,5,都江堰,666,0%,春天的花丛，花香袭人，色彩斑斓。
山门殿,,6,5,成都,421,0%,春日的樱花，粉嫩花瓣，如云似霞。
东篱采菊雕像,,6,5,成都,698,0%,春天的田野，绿草如茵，花开满野。
财神殿,,6,5,彭州,585,0%,雾气中的城堡，如同童话中的场景，神秘莫测。
五仙庙,,6,5,金堂,457,0%,河流旁的芦苇，随风摇曳，生态丰富。
永兴桥,,6,5,成都,760,0%,夜晚的星空，闪烁的星星，璀璨如梦。
钱币文化社科普及亲子互动区,,6,4,大邑,513,0%,山间的云雾，缥缈间，仿佛仙境。
欢喜村古寺观景台休闲苑,,6,4,崇州,483,0%,夜晚的露台，望着繁星，思绪万千。
天王寺,,6,3,彭州,454,0%,山顶的云海，云蒸霞蔚，如在仙境。
邛崃天台山景区管理委员会,,6,3,邛崃,472,0%,山间的小溪，潺潺流水，清澈见底。
天牙石,,6,3,成都,635,0%,沙漠中的绿洲，生机勃勃，绿意盎然。
红军长征邛崃纪念馆-陈列馆,,6,3,邛崃,569,0%,古城的黄昏，历史的痕迹，沉淀了岁月的静好。
九伍公园(GOGO EGO店),,6,3,成都,823,0%,晨雾缭绕，山间如同仙境一般。
宝墩书房,,6,3,成都,477,0%,夜晚的灯塔，发出的光芒，引导着远航者。
乡村学校少年宫,,6,3,都江堰,345,0%,春天的花丛，花香袭人，色彩斑斓。
一带一路(珍宝馆),,6,2,大邑,854,0%,夏日的泳池，清凉解暑，水中乐趣。
蝶舞大地花海,,6,2,成都,883,0%,高山的夜晚，繁星点点，宁静致远。
小火车,,6,2,成都,472,0%,夏夜的荷塘，荷叶田田，荷花盛开。
荷风亭,,6,2,成都,326,0%,农村的晨曦，炊烟袅袅，生活的味道。
千年古榕,,6,1,成都,367,0%,镇内有千年古榕树6棵。古镇东鹿溪河镇龙沟内，还有株乌臼树，其外型像龙又像凤，非常有趣。
怡神亭,,6,1,成都,990,0%,冬季的雪景，银装素裹，世界变得宁静。
成都动物园-毛冠鹿,,6,1,成都,343,0%,秋天的田野，稻谷泛黄，金色的波浪。
狮虎苑-非洲狮,,6,1,成都,307,0%,湖光山色，风景如画，美不胜收。
观法亭,,6,1,成都,576,0%,高原的湖泊，湛蓝如宝石，清澈见底。
植物迷宫,,6,1,金堂,944,0%,夏日的草地，绿草茵茵，蝴蝶飞舞。
石象湖,Shixiang Lake,5,767,蒲江,1,0%,乘船泛舟，感受湖光山色。春季赏郁金香，秋季赏百合花。
泰安古镇,Tai'an Ancient Town,5,145,都江堰,14,1%,幽静的川西风格古镇，适合休闲避暑，游览青城后山的主要住宿地。
建福宫,Jianfu Palace,5,111,都江堰,44,0%,游览青城山的起点，还有长达394字的长联，被赞为“青城一绝”。
四川大学(望江校区)-博物馆,Sichuan University Museum,5,76,成都,66,1%,西南地区历史最为悠久的博物馆，还有机会在馆内欣赏到皮影戏。
月城湖,Yuecheng Lake,5,69,都江堰,1,0%,青城山脚下的湖泊，景色清幽，还能坐游船游湖。
九峰山风景名胜区,Jiufeng Mountain Scenic Area,5,65,彭州,30,0%,驴友徒步的好地方，日出非常壮丽。
瓮亭公园,Wengting Park (East Gate),5,19,邛崃,17,0%,冬日里的暖阳，温暖如春，驱散寒冷。
紫坪铺水库,Zipingpu Reservoir,5,18,都江堰,27,0%,湖面的晨雾，轻轻飘浮，如梦如幻。
成都大熊猫繁育研究基地-观光车大熊猫魅力剧场站,,5,15,成都,581,0%,春日的樱花，粉嫩花瓣，如云似霞。
温江区政协书画院,,5,15,成都,506,0%,草原上的野花开遍了每一个角落，如同大地的织锦。
飞夺泸定桥,,5,15,邛崃,827,0%,荒野之中，生机勃勃，绿意盎然。
石刻园,,5,15,成都,732,0%,河畔的春天，绿树成荫，鸟语花香。
武侯区天府世家言塾科技,,5,15,成都,634,0%,炎热的夏日，清凉的湖水，泳者的天堂。
大邑县基督教晋原活动点,,5,15,大邑,891,0%,山间的云雾，缥缈间，仿佛仙境。
四川工商学院-图书馆(成都校区),,5,15,成都,994,0%,夜晚的萤火虫，点缀着夏夜，如同地上的星星。
龙王庙,,5,15,金堂,673,0%,滨海的摩天轮，高高在上，俯瞰海景。
国家地理经典影像大展-西南首展,,5,14,成都,634,0%,夜晚的星空，满天星斗，宁静深远。
邛崃南宝山木梯羌寨羌寨风情,,5,14,邛崃,861,0%,秋天的森林，五彩缤纷，美不胜收。
府河(锦江),,5,14,成都,411,0%,沙漠中的绿洲，如同沙海中的明珠，珍贵而美丽。
志行高远,,5,14,成都,769,0%,夜晚的海滩，海浪拍打，潮声阵阵。
麓湖漩涡公园,,5,14,成都,549,0%,秋季的登山，攀登高峰，俯瞰世界。
长安沉吟,,5,14,成都,553,0%,雨中的街道，雨滴跳跃，清新洗净。
漫库(天府红店),,5,14,成都,351,0%,湖边的清晨，水雾弥漫，如梦如幻。
行空航天馆,,5,14,成都,823,0%,河岸的石头，经过水流的冲刷，光滑如镜。
醉杏亭,,5,14,成都,588,0%,雨中的街道，雨滴跳跃，清新洗净。
叠音泉,,5,14,邛崃,498,0%,湖边的清晨，水雾弥漫，如梦如幻。
多肉植物园,,5,14,崇州,736,0%,高峰的岩石，经历风雨的洗礼，坚硬如铁。
平沙落雁文化商业区,,5,13,邛崃,14,0%,“平沙落雁”文化商业区位于邛崃市平乐古镇核心区，占地30亩，建筑面积11000平方米，由三条老式街道及8个院落群组成，采用古老的建筑手法，保存了川西古镇原始风貌。街区内现有主题酒吧、特色茶坊、咖啡西餐屋、中餐酒楼、风情客栈、手工艺品、特色…
时空之外露营美学露营装备租赁新都店,,5,13,成都,485,0%,秋风吹过，落叶满地，金黄一片。
万卷堂阅读馆,,5,13,成都,557,0%,林间小路，光影斑驳，仿佛通往未知的世界。
24小时自助图书馆,,5,13,成都,352,0%,晨跑的小道，清新的空气，充满活力。
冬藏雕塑,,5,13,成都,488,0%,瀑布飞流直下，水雾飘渺，景色壮观。
越野卡丁车,,5,13,蒲江,385,0%,寒冬腊月，白雪皑皑，覆盖了大地。
2024年成都世界园艺博览会,,5,12,成都,547,0%,峭壁上的攀岩者，挑战自我，勇气可嘉。
月光湖,,5,12,成都,843,0%,雪后的公园，银装素裹，纯净美丽。
大邑横山岗红军无名烈士纪念馆,,5,12,大邑,568,0%,沙漠中的绿洲，生机勃勃，绿意盎然。
MINI相长有方阅读馆,,5,12,成都,832,0%,沙漠中的绿洲，生机勃勃，绿意盎然。
成都飞机水乐园,,5,11,成都,838,0%,雪后的公园，银装素裹，纯净美丽。
国家税务局四川省税务局机关老干部活动阵地,,5,11,成都,915,0%,潺潺的溪流，穿过森林，流向远方的海洋。
城市阅读微空间,,5,11,成都,389,0%,冬季的松林，雪花覆盖，一片银白。
雕虎水泊,,5,11,邛崃,778,0%,冬天的湖面，结冰坚硬，如同镜面。
超线个园,,5,10,成都,604,0%,春日的公园，花开如海，美不胜收。
杜陵春,,5,10,成都,965,0%,海上的日落，天际一片金红，壮丽的景象。
涧川水景,,5,10,成都,699,0%,湖面的晨雾，轻轻飘浮，如梦如幻。
福洪镇综合文化馆,,5,10,成都,969,0%,冬日的雪景，白雪皑皑，银装素裹。
来宝沱生态湿地公园,,5,10,金堂,567,0%,高山上的日落，晚霞如火，壮丽无比。
双流区怡心街道协和图书分馆,,5,10,成都,661,0%,山顶的日出，晨光破晓，希望的开始。
观音殿,,5,10,成都,329,0%,海边的船只，迎着晨光启航，希望的旅程。
赏湖榭,,5,10,成都,438,0%,海上的日出，光芒万丈，希望的开始。
中国民主同盟成都史实陈列馆,,5,9,成都,515,0%,秋日的果园，硕果累累，香气四溢。
丁木沟大峡谷,,5,9,大邑,948,0%,岩石上的苔藓，岁月的痕迹，讲述无声的故事。
天星岛,,5,9,成都,508,0%,夜空中的月亮，皎洁明亮，如冰似玉。
茶花谷,,5,9,彭州,541,0%,密林深处的小溪，静静流淌，清澈见底。
鲸龙公园,,5,9,成都,953,0%,海边的沙滩，金黄色的沙粒，在阳光下闪耀。
怪兽派美术馆(中海国际店),,5,9,成都,675,0%,雨后的林间，空气清新，山色更翠。
成飞航空主题教育基地-天翅3无人机系统模型,,5,9,成都,804,0%,冬季的河流，冰封河面，静谧无声。
双流区彭镇燃灯社区多功能厅老年大学活动室,,5,9,成都,508,0%,山谷中的秋色，一片金黄，美不胜收。
百鸟苑-观鸟台,,5,8,成都,752,0%,梦幻的海岛，碧海蓝天，美不胜收。
杨仲华住房,,5,8,大邑,524,0%,繁花似锦的春天，生机勃勃，如诗如画。
桃坪垭口,,5,8,都江堰,878,0%,夏夜星空，繁星点点，如梦如幻。
九龙巨物塘,,5,8,成都,830,0%,山川壮丽，江河绵延，自然的伟力展露无遗。
熙玉村・缤纷梨园,,5,8,彭州,435,0%,高山流水，回荡着清脆的琴声，悠扬入耳。
家政职工之家,,5,7,成都,849,0%,夏日的泳池，清凉解暑，水中乐趣。
敦睦堂,,5,7,成都,566,0%,山谷间的回声，如同古老的歌谣，回荡在空中。
铁炉沟,Tielugou,5,6,邛崃,991,0%,山谷中的秋色，层林尽染，色彩斑斓。
空中溜索-下站,,5,6,大邑,443,0%,秋天的田野，稻谷泛黄，金色的波浪。
磨子槽露营地,,5,5,都江堰,813,0%,湖泊的黄昏，夕阳无限好，只是近黄昏。
玖隆福庭,,5,5,都江堰,432,0%,秋日的湖边，湖面波光粼粼，风景如画。
云驿户外露营,,5,5,成都,335,0%,夏夜的星空，繁星点点，如梦如幻。
凝萃楼,,5,5,成都,960,0%,古老的城墙，见证了历史的变迁，依然屹立不倒。
三圣花乡・花乡农居-母亲林,,5,5,成都,611,0%,炎热的沙漠，广袤无垠，生命的顽强。
钟楼,,5,5,成都,699,0%,雨后的彩虹，桥接天地，彩色的希望。
虹瑞桥,,5,5,都江堰,900,0%,春天的樱花，如云似霞，满树繁花。
成都奇宠秘境乐园,,5,4,成都,644,0%,炊烟袅袅，升起在清晨的乡村，带来家的味道。
团建.亲子活动,,5,4,成都,492,0%,山脉的清晨，云雾环绕，如仙境一般。
杭州丝绸馆,,5,4,彭州,743,0%,夏日的河边，垂柳依依，清凉宜人。
青城山六善酒店-会议厅,,5,4,都江堰,916,0%,日出东海，晚归山色，美不胜收。
南峰寺,,5,4,成都,587,0%,秋高气爽的山间，风清气朗，心旷神怡。
星工厂体育公园,,5,4,成都,426,0%,花园中的蝴蝶，翩翩起舞，色彩斑斓。
禹王庙,,5,4,金堂,696,0%,迷雾中的山峰，神秘莫测，引人探索。
弥陀庵,,5,3,成都,910,0%,雨后的彩虹，桥接天地，彩色的希望。
刘慈欣漫画展,,5,3,成都,693,0%,冬季的河流，冰封河面，静谧无声。
应世人间,,5,3,成都,884,0%,夏日的草地，绿草茵茵，蝴蝶飞舞。
书画展览区,,5,3,成都,660,0%,湖泊的早晨，轻雾缭绕，宁静致远。
锦秀天宝活动室,,5,3,彭州,815,0%,秋天的田野，稻谷泛黄，金色的波浪。
风车宝岛,,5,3,成都,391,0%,秋天的森林，五彩缤纷，美不胜收。
夜游锦江(石牛堰码头),,5,3,成都,798,0%,山顶的石碑，记录着历史的痕迹，坚固耐久。
船舫,,5,3,成都,476,0%,山林中的小屋，宁静祥和，逃离都市的喧嚣。
幸福梅林,,5,2,成都,59,0%,幸福梅林，成都市新农村建设&quot;五朵金花&quot;之一，国家4A风景区。幸福梅林位于成都市成龙路西段。“幸福梅林”因所处的幸福村而得名。
异诗无人区,,5,2,成都,306,0%,山间的小溪，清澈见底，水声潺潺。
安顺地下党史料馆,,5,2,崇州,587,0%,湖光山色，相映成趣，风景如画。
成都博物馆新馆-一层特展厅,,5,2,成都,859,0%,雪后山村，银装素裹，一片宁静。
蜀艾康养美术馆,,5,2,成都,899,0%,冬日的雪景，白雪皑皑，银装素裹。
直台羌寨,,5,2,邛崃,901,0%,冬季的北国，雪地里的宁静，白雪皑皑。
百花潭公园儿童乐园,,5,2,成都,366,0%,春天的田野，绿草如茵，花开满野。
孩提时光儿童中心,,5,2,成都,929,0%,夜晚的露营地，篝火晚会，温馨而快乐。
杏有灵溪・露营地,,5,1,都江堰,620,0%,夏日的河边，垂柳依依，清凉宜人。
一番全球的网红打卡点,,5,1,成都,978,0%,春天的花丛，花香袭人，色彩斑斓。
宝珠山,,5,1,邛崃,930,0%,沙漠的黄昏，大地与天空同色，壮观迷人。
龙溪虹口国家级自然保护区-山王庙,,5,1,彭州,838,0%,滨海的旅游小镇，悠闲的生活，海的味道。
赵府,,5,1,成都,410,0%,夜晚的星空，满天星斗，宁静深远。
安仁古镇,Anren Ancient Town,4,505,大邑,1,0%,古镇内有建川博物馆和刘氏庄园，还有很多复古老公馆。
成都植物园,Chengdu Botanical Garden,4,298,成都,226,0%,有许多植物和中外珍稀树种，休闲放松的好去处。
温江公园,Wenjiang Park,4,142,成都,374,0%,湖泊的黄昏，夕阳无限好，只是近黄昏。
天师洞道观,Tianshi Cave,4,138,都江堰,13,0%,据说天师道的创始人――张道陵，曾经在这里修炼布道。
水井坊博物馆,Shuijingfang Museum,4,119,成都,160,0%,草地上的野餐，享受自然的馈赠，家人的欢聚。
元通古镇,Yuantong Ancient Town,4,109,崇州,4,0%,夜晚的海滩，海浪拍打，潮声阵阵。
熊猫谷,Panda Valley,4,85,都江堰,7,0%,这里有参加野化训练的熊猫宝宝。
城隍庙,"Town God's Temple, Dujiangyan",4,49,都江堰,38,0%,雨后的林间，空气清新，山色更翠。
蒲江县西来古镇,Xilai Ancient Town,4,47,蒲江,4,0%,野外的篝火，照亮了夜空，温暖伴随。
慧园,Huiyuan Garden,4,38,成都,1,0%,森林里的小径，幽静而神秘，探险者的天堂。
新津区纯阳观博物馆,Chunyang Taoist Temple,4,18,成都,6,0%,露营时的星空，无边无际，宁静致远。
晴天航空飞行体验(都江堰分店),,4,15,都江堰,394,0%,山间的瀑布，水珠飞溅，清凉一夏。
长滩水库,Allied Bank Reservoir,4,15,蒲江,451,0%,春日的樱花，粉嫩花瓣，如云似霞。
金丝楠艺术馆,,4,15,成都,898,0%,远行的船只，在海的尽头消失，留下一片梦幻。
香樟林,,4,15,彭州,464,0%,夏日的草地，绿草茵茵，蝴蝶飞舞。
格里戈里库里申科雕塑,,4,15,大邑,531,0%,雨季的绿色，生机勃勃，绿色覆盖大地。
青白江读者生活馆,,4,15,成都,428,0%,沙滩上的日落，大海和夕阳同辉，景色迷人。
鱼凫王墓,,4,15,成都,960,0%,山间的小溪，清澈见底，水声潺潺。
鸦片仓库,,4,15,大邑,884,0%,丘陵上的风车，随风旋转，景色独特。
世纪城新国际会展中心,,4,14,成都,83,0%,成都世纪城新国际会展中心西临人民南路延线天府大道，北靠外环线，东面有蜿蜒而来的锦江河水，北侧紧临世纪公园，东部及西部为河滨绿地。
西南财经大学（柳林校区）,Southwestern University of Finance and Economics,4,14,成都,259,0%,西南财经大学是教育部直属的全国重点大学，国家首批“211工程”大学之一，国家“985工程优势学科创新平台”重点建设高校。
抗日爱国将领刘湘,,4,14,大邑,546,0%,山涧的溪水，清澈见底，泉声叮咚。
文字大面具雕塑,,4,14,成都,454,0%,沙滩上的晚霞，晚霞映红了整个天空，美轮美奂。
张家小院,,4,14,成都,774,0%,海边的沙滩，金黄色的沙粒，在阳光下闪耀。
五观堂,,4,14,成都,651,0%,潮湿的雨林中，瀑布轰鸣，水汽弥漫。
玄月水榭,,4,14,蒲江,871,0%,微风拂过，带来了沁人心脾的花香，令人陶醉。
青杨村湿地公园,,4,14,成都,592,0%,古城的清晨，晨雾笼罩，历史的呼吸。
青龙湖湿地公园-亲水平台,,4,14,成都,979,0%,沙漠中的绿洲，生机勃勃，绿意盎然。
古常道观,,4,14,都江堰,974,0%,山林中的小屋，宁静祥和，逃离都市的喧嚣。
交个朋友・城市露营派对(宽窄店),,4,13,成都,448,0%,海边的船只，迎着晨光启航，希望的旅程。
气乐亭,,4,13,成都,879,0%,公园的秋日，落叶纷飞，金黄一片。
四川军阀混战,,4,13,大邑,596,0%,高峰的岩石，经历风雨的洗礼，坚硬如铁。
尊祖敬宗,,4,13,成都,614,0%,冬季的森林，雪花飘落，银装素裹。
万树山,,4,13,成都,755,0%,远方的群山，层层叠叠，笼罩在薄雾中。
杜甫草堂-梅园,,4,13,成都,469,0%,夜晚的城市，灯火辉煌，如同星辰落入人间。
小蜜蜂梦幻森林乐园,,4,13,蒲江,734,0%,公园的早晨，晨练的人们，生活的节奏。
迷宫花园,,4,13,成都,715,0%,夜晚的灯塔，发出的光芒，引导着远航者。
金龙宫,,4,13,成都,753,0%,山顶的日出，阳光洒满大地，希望的光芒。
文君井,Wenjun Well,4,12,邛崃,231,0%,沙漠的黄昏，大地与天空同色，壮观迷人。
季禅沟,,4,12,大邑,556,0%,雪中的松树，枝头挂满雪花，银白世界。
成都麓山高尔夫-5号凉亭,,4,12,成都,542,0%,高山的夜晚，繁星点点，宁静致远。
成都市双流区彭镇金桥社区革命传统教育基地十二桥烈士纪念碑,,4,12,成都,767,0%,海浪拍岸，发出阵阵响声，激荡人心。
锦城公园3号湖区,,4,12,成都,982,0%,雨中的城市，清新而湿润，洗净尘埃。
花卉展示区,,4,12,成都,402,0%,秋天的森林，五彩缤纷，美不胜收。
四川师范大学,,4,11,成都,221,0%,山间的小溪，潺潺流水，清澈见底。
红军长征在四川纪念馆,,4,11,大邑,387,0%,夜晚的星空，闪烁的星星，璀璨如梦。
鸟类科普之窗,,4,11,成都,651,0%,河畔的春天，绿树成荫，鸟语花香。
都江堰景区-道江楼,,4,11,都江堰,564,0%,秋日的湖边，湖面波光粼粼，风景如画。
阿基米德取水器,,4,11,成都,855,0%,海边的烧烤，美味与欢声笑语，美好的夜晚。
欢乐沙池,,4,11,成都,447,0%,冬季的森林，雪花飘落，银装素裹。
月涧星禾露营餐吧,,4,11,成都,919,0%,星光灿烂，银河横跨夜空，闪烁着光芒。
古老玫瑰园,,4,11,都江堰,816,0%,小道蜿蜒，穿过一片片田野，每一步都是风景。
檀阴村党员活动室,,4,10,邛崃,533,0%,春风拂面，花香四溢，满园春色。
缘定桥,,4,10,邛崃,306,0%,湖边的清晨，水雾弥漫，如梦如幻。
同心树,,4,10,成都,503,0%,晨曦的山峦，阳光洒满山间，光影交错。
岷江,,4,9,成都,772,0%,冬季的河流，冰封河面，静谧无声。
临潭赏鱼,,4,9,成都,743,0%,夏日的河边，垂柳依依，清凉宜人。
大型乌木(金沙遗址),,4,9,成都,975,0%,冬季的河流，冰封河面，静谧无声。
拾野・自然博物馆,,4,9,成都,537,0%,冬季的雪景，银装素裹，世界变得宁静。
河畔湿地,,4,9,成都,685,0%,河畔的夜晚，月光下的河流，静谧而美丽。
混元宫,,4,9,大邑,392,0%,海边的椰树，随风摇曳，风情万种。
安妮花阅读馆(成都大魔方招商花园城店),,4,8,成都,513,0%,冬季的北国，雪地里的宁静，白雪皑皑。
澄园,,4,8,成都,546,0%,河岸的石头，经过水流的冲刷，光滑如镜。
蔚然花海-听花露营营地,,4,8,成都,721,0%,傍晚的晚霞映红了半边天，如同烈火焚烧。
花溪观鱼,,4,8,成都,654,0%,微风拂过，带来了沁人心脾的花香，令人陶醉。
熊山-亚洲黑熊,,4,8,成都,514,0%,山间的早晨，清新的空气，鸟语花香。
茅台镇文化馆,,4,8,成都,444,0%,古镇的夜市，热闹非凡，人声鼎沸。
米贝精灵儿童图书馆(万达广场武侯店),,4,8,成都,624,0%,潮湿的海滩，细软的沙粒，海浪的歌声。
清水沟,,4,8,都江堰,826,0%,傍晚的晚霞映红了半边天，如同烈火焚烧。
观澜亭,,4,8,都江堰,781,0%,雨后的山谷，清新脱俗，空气湿润。
THE FOG(迷雾)露营地,,4,7,大邑,961,0%,夏夜的星空，繁星点点，如梦如幻。
地震室外展场,,4,7,大邑,544,0%,寒冷的冬日，暖阳透过云层，温暖如春。
绿兔子城市动物园,,4,7,成都,404,0%,山顶的云海，云蒸霞蔚，如在仙境。
笼门阵,,4,7,都江堰,823,0%,海浪拍岸，发出阵阵响声，激荡人心。
宝成寺,,4,7,崇州,855,0%,湖面的晨雾，轻轻飘浮，如梦如幻。
西园文化长廊,,4,6,成都,693,0%,湿地上的芦苇，随风摇曳，生态丰富。
走亲共反蒋道路,,4,6,大邑,504,0%,海浪拍岸，发出阵阵响声，激荡人心。
佛堂,,4,6,成都,573,0%,秋日的湖边，湖面波光粼粼，风景如画。
石瀑布溯溪,,4,6,大邑,951,0%,河流在城市中穿行，像一条闪亮的丝带。
成都动物园-科普馆,,4,6,成都,861,0%,冬季的河流，冰封河面，静谧无声。
桌山花栖谷(武侯展厅),,4,6,成都,714,0%,湖边的清晨，水雾弥漫，如梦如幻。
明成景观,,4,6,成都,805,0%,高山上的日落，晚霞如火，壮丽无比。
古瓮亭,,4,6,邛崃,561,0%,沙滩上的日落，大海和夕阳同辉，景色迷人。
草药之魂,,4,5,金堂,857,0%,早晨的海面，日光照射，波光粼粼。
天天见活动室,,4,5,蒲江,890,0%,海边的晨光，海浪轻拍，阳光金灿。
欢乐生产大队农耕体验区,,4,5,成都,346,0%,冬季的河流，冰封河面，静谧无声。
棕榈世界房车露营地4号营地,,4,5,成都,422,0%,雨季的绿色，生机勃勃，绿色覆盖大地。
西郊河,,4,5,成都,350,0%,雨中的街道，雨滴跳跃，清新洗净。
万寿寺,,4,5,都江堰,610,0%,古木参天，枝繁叶茂，为这片土地披上了绿装。
缘定三生,,4,5,成都,982,0%,冬季的枯藤老树，虽然萧索，却有一番风味。
汾河外滩,,4,5,成都,888,0%,平原上的稻田，金黄一片，秋季的收获。
熊猫亭,,4,5,都江堰,956,0%,雪中的松树，枝头挂满雪花，银白世界。
中央湖区,,4,4,成都,438,0%,夜晚的星空，满天星斗，宁静深远。
狮子山望归台,,4,4,崇州,730,0%,冬日的雪景，白雪皑皑，银装素裹。
四川政协文史馆,,4,4,成都,636,0%,梅雨季节的竹林，绿意盎然，雨滴点点。
汐谷云居花卉文化村,,4,4,成都,541,0%,秋日的背包旅行，发现未知的美，丰富旅程。
桂香厅,,4,4,大邑,793,0%,冬日里的暖阳，温暖如春，驱散寒冷。
银杏生态园,,4,4,金堂,793,0%,晨曦的山峦，阳光洒满山间，光影交错。
四川省高等学校重点实验室生态植物园,,4,4,成都,814,0%,露营地旁的篝火，热烈燃烧，温暖人心。
平原史前城址,,4,3,成都,369,0%,成都平原史前城址包括四川省新津县龙马乡的宝墩古城址、郫县古城乡的郸县古城址、温江县万春镇的鱼凫古城址、都江堰市青城乡的芒城古城址、崇州市上元乡的双河古城址及燎原乡的紫竹古城址等，是迄今所知中国西南地区发现年代最早、规模最大、分布最…
抚琴亭,,4,3,成都,988,0%,山谷中的秋色，层林尽染，色彩斑斓。
隐踪高地,,4,3,成都,586,0%,雨后的林间，空气清新，山色更翠。
2区亲子阅读空间,,4,3,成都,420,0%,湖面平静如镜，倒映着周围的山色和天空。
奇梦彩灯节,,4,3,成都,351,0%,夜晚的星空，满天星斗，宁静深远。
蓉森二手展场,,4,3,成都,612,0%,晚霞满天，如火如荼，映红了半边天空。
河滨公园,,4,3,金堂,638,0%,梦幻的海岛，碧海蓝天，美不胜收。
西部茶都蒲江茶产业展示中心,,4,2,蒲江,666,0%,夏日的泳池，清凉解暑，水中乐趣。
金堂乐耍水上乐园,,4,2,金堂,573,0%,海边的晨光，海浪轻拍，阳光金灿。
龙湖观辰,,4,2,成都,775,0%,高山之巅，空气清新，视野开阔。
环卫工人休息室,,4,2,成都,550,0%,湖光山色，相映成趣，风景如画。
青杠树牌坊,,4,2,成都,545,0%,秋日的湖边，湖面波光粼粼，风景如画。
红原牦牛之乡・旅游天堂,,4,2,成都,691,0%,春日的樱花，粉嫩花瓣，如云似霞。
英佳艾绘本馆,,4,2,成都,671,0%,夏日的河边，垂柳依依，清凉宜人。
土溪河谷农场露营地,,4,2,都江堰,491,0%,河畔的垂柳，轻拂水面，添了几分柔情。
凝神湖,,4,1,成都,921,0%,湖光山色间的小舟，缓缓行驶，悠闲自得。
中国民主革命先行者孙中山,,4,1,成都,669,0%,高山流水，回荡着清脆的琴声，悠扬入耳。
熊猫社群,,4,1,成都,678,0%,滑雪场的冬日，雪地里的速度与激情，寒冷中的热情。
柏邻公园锦炉溪营地,,4,1,成都,817,0%,古老的石桥，连接两岸，历史的见证。
蔚然花海房车营地,,4,1,成都,617,0%,雨后的彩虹桥，连接着两岸，象征着希望。
玉垒阁,Yulei Pavilion,3,559,都江堰,48,0%,热带雨林的午后，热气腾腾，生机勃勃。
中国泰迪熊博物馆,China Teddy Bear Museum,3,541,成都,11,0%,全球最大的泰迪熊博物馆，处处都有泰迪熊可爱的身影。
街子古镇,Jiezi Ancient Town,3,460,崇州,1,1%,依山傍水的古镇，还有光严禅院内珍藏的佛门珍宝“洪武南藏”。
成都川菜博物馆,Chuancais Museum,3,296,成都,6,0%,唯一以菜系文化为陈列内容的主题博物馆，吃货们的必去之地。
天府熊猫塔,Sichuan Tower of China,3,285,成都,132,0%,秋天的公园，银杏叶黄，铺满一地黄金。
白鹿音乐小镇,Bailu Town,3,180,彭州,65,0%,充满法式风情的小镇，体验异域风情的好去处。
棠湖公园,Tanghu Park (North Gate),3,134,成都,258,0%,寒冷的冬日，暖阳透过云层，温暖如春。
又一村,Yau Yat Chuen,3,36,都江堰,45,0%,青城后山的一个村镇，可以歇歇脚，吃吃农家菜。
回澜塔,"Huilan Tower, Qionglai",3,35,邛崃,8,0%,星光点点，夜空深邃，宁静而深远。
卧铁,Lying Iron Pole,3,30,都江堰,26,0%,山涧的溪水，清澈见底，泉声叮咚。
陈家桅杆,Manor of Chan family,3,19,成都,50,0%,山脚的小村庄，宁静祥和，远离喧嚣。
成都乌木艺术博物馆,Chengduwumuyishu Museum,3,17,都江堰,50,0%,秋风的午后，微风送爽，落叶飘飘。
文天祥雕塑,,3,15,成都,449,0%,冬日的雪景，白雪皑皑，银装素裹。
熊猫基地站,,3,15,成都,859,0%,夜晚的海滩，海浪拍打，潮声阵阵。
凤溪隐院,,3,15,成都,466,0%,河流在城市中穿行，像一条闪亮的丝带。
桑巴气球,,3,15,成都,924,0%,秋日的阳光，温暖而柔和，金黄色的光线洒在大地上。
元通惜字宫广场,,3,15,崇州,456,0%,海边的日落，余晖洒满海面，金光闪闪。
都江堰野沙滩,,3,14,都江堰,695,0%,河畔的垂柳，轻拂水面，添了几分柔情。
青塔寺河边桃园,,3,14,成都,623,0%,雨后的彩虹桥，连接着两岸，象征着希望。
海棠园,,3,14,成都,810,0%,小桥流水，人家更显得安详宁静。
约瑟夫史迪威雕塑,,3,14,大邑,351,0%,雨后的林间，空气清新，山色更翠。
响叮铛儿童乐园,,3,14,成都,567,0%,秋高气爽的山间，风清气朗，心旷神怡。
成都飞马,,3,14,成都,704,0%,夜晚的露营地，篝火晚会，温馨而快乐。
白鹭湾湿地环保科普馆,,3,14,成都,544,0%,公园的秋日，落叶纷飞，金黄一片。
成都博物馆新馆-青铜馆,,3,13,成都,889,0%,平原上的稻田，金黄一片，秋季的收获。
凤凰陵园,,3,13,成都,516,0%,山谷中的秋色，一片金黄，美不胜收。
袁家梁子,,3,13,彭州,979,0%,高山之巅，空气清新，视野开阔。
燃灯社区文化活动室,,3,13,成都,716,0%,草丛中的露珠，犹如清晨的眼泪，清新而纯洁。
过载脱口秀-过载空间(凯德天府店),,3,13,成都,394,0%,高山的夜晚，繁星点点，宁静致远。
一片森林儿童乐园・研学・托管,,3,12,成都,422,0%,山顶的日出，阳光洒满大地，希望的光芒。
百泉荷月莲花基地,,3,12,成都,307,0%,远方的群山，层层叠叠，笼罩在薄雾中。
鼻烟壶,,3,12,大邑,834,0%,热带海岛的早晨，海风习习，椰风海韵。
类人猿馆-红猩猩,,3,12,成都,435,0%,露营地旁的篝火，热烈燃烧，温暖人心。
东华殿,,3,12,都江堰,478,0%,晨雾中的古桥，宛如通往另一个世界的门户。
揽胜亭,,3,12,成都,690,0%,夜晚的公园，灯光与影子交错，宁静而神秘。
荷风阁,,3,11,成都,415,0%,冬季的河流，冰封河面，静谧无声。
小区活动室,,3,11,成都,895,0%,沙漠的早晨，日出东方，光芒四射。
邛崃市临邛古城景区管理局,,3,11,邛崃,924,0%,湖面的晨雾，轻轻飘浮，如梦如幻。
弯弓崖,,3,11,大邑,606,0%,梦幻的海岛，碧海蓝天，美不胜收。
成都市温江区观赏竹博览园,,3,11,成都,333,0%,雨后的彩虹，横跨天际，绚烂夺目。
廊桥,,3,11,成都,932,0%,秋天的丰收，果实累累，田野一片金黄色。
绿漪亭,,3,11,成都,585,0%,雨后的山谷，清新脱俗，空气湿润。
四川慧海标识景观雕塑,,3,11,彭州,470,0%,秋日的背包旅行，发现未知的美，丰富旅程。
灵岩寺,Lingyan Temple,3,10,都江堰,17,0%,露天音乐会，音乐与自然的融合，激动人心。
聚谷神,,3,10,蒲江,943,0%,古镇的夜市，热闹非凡，人声鼎沸。
新津县文化馆安西镇分馆,,3,10,成都,625,0%,沙漠的日落，天边一抹残阳，如火如血。
二十四军整训改编,,3,10,大邑,314,0%,霜降时分，晶莹的霜花装饰着窗户，美轮美奂。
碰碰车,,3,10,成都,730,0%,秋高气爽的山间，风清气朗，心旷神怡。
西博城16馆,,3,10,成都,854,0%,湖边的垂柳，姿态优美，添了几分诗意。
黄庭坚雕塑,,3,9,成都,376,0%,冬天的湖面，结冰坚硬，如同镜面。
关口亲子水上乐园,,3,9,成都,778,0%,海边的帆船，随风而动，探索无限。
空港花田-花海观赏区,,3,9,成都,861,0%,河流的傍晚，晚霞映照，水天一色。
和尚崖红军战壕和临时指挥所,,3,9,邛崃,991,0%,峭壁上的攀岩者，挑战自我，勇气可嘉。
马蜂窝X攻略全世界网红墙(成都太古里),,3,9,成都,775,0%,秋高气爽的山间，风清气朗，心旷神怡。
滨江条形公园,,3,9,金堂,795,0%,雪后的松林，静谧祥和，银装素裹。
欧洲月季园,,3,8,成都,782,0%,微风拂过，带来了沁人心脾的花香，令人陶醉。
汉唐街,,3,8,成都,490,0%,高山的夜晚，繁星点点，宁静致远。
玩转侏罗纪,,3,8,成都,552,0%,雨中的街道，雨滴跳跃，清新洗净。
宋代纸坊遗址,,3,8,邛崃,752,0%,河畔的垂柳，轻拂水面，添了几分柔情。
白莲池街道文旅熊猫,,3,7,成都,649,0%,夜幕下的城市，灯火辉煌，繁星似的街灯。
大河梯田区眺望台,,3,7,成都,379,0%,山间的云雾，缥缈间，仿佛仙境。
毛泽东书信亭,,3,7,成都,402,0%,山间的小溪，清澈见底，水声潺潺。
三会庵,,3,7,成都,942,0%,秋日的背包旅行，发现未知的美，丰富旅程。
李氏宗祠,,3,7,成都,383,0%,晨曦的山峦，阳光洒满山间，光影交错。
思乡泉,,3,6,成都,407,0%,夕阳西下，晚霞如火如荼地燃烧。
肖像,,3,6,成都,665,0%,远方的群山，层层叠叠，笼罩在薄雾中。
益书苑,,3,6,成都,361,0%,冬日的雪景，白雪皑皑，银装素裹。
浮动博物馆FMP Plant Labo,,3,6,成都,577,0%,夜晚的星空，满天星斗，宁静深远。
廉政文化长廊,,3,6,成都,348,0%,草原上的野花开遍了每一个角落，如同大地的织锦。
百草园,,3,6,成都,799,0%,公园的秋日，落叶纷飞，金黄一片。
分州相亭,,3,6,崇州,375,0%,湖面的清晨，水雾弥漫，如梦如幻。
清水河畔-游乐场,,3,6,成都,738,0%,夜晚的星空，满天星斗，宁静深远。
鉴山公园,,3,6,都江堰,735,0%,夏日的草地，绿草茵茵，蝴蝶飞舞。
漫花庄园-玫瑰厅,,3,6,成都,882,0%,潺潺的溪流，穿过森林，流向远方的海洋。
中国共产党100年党史馆,,3,5,大邑,792,0%,秋天的森林，五彩缤纷，美不胜收。
一院一世界,,3,5,成都,694,0%,沙漠的早晨，日出东方，光芒四射。
财神殿,,3,5,成都,638,0%,冬季的森林，雪花飘落，银装素裹。
斗姥殿,,3,5,大邑,533,0%,雨后的林间，空气清新，山色更翠。
韩国旅游发展局成都办事处,,3,4,成都,862,0%,夏日的泳池，清凉解暑，水中乐趣。
卧龙谷瀑布,,3,4,彭州,391,0%,草原上的帐篷，点点星光，夜晚的灯塔。
仙景苑,,3,4,邛崃,422,0%,海边的沙滩，金黄色的沙粒，在阳光下闪耀。
修觉城,,3,4,成都,949,0%,夏夜的星空，繁星点点，如梦如幻。
石佛寺,,3,3,成都,927,0%,春日的樱花，粉嫩花瓣，如云似霞。
道佐三教禅寺,,3,3,邛崃,938,0%,湖泊的早晨，轻雾缭绕，宁静致远。
袁氏祖传,,3,3,崇州,920,0%,雨后的彩虹，桥接天地，彩色的希望。
吴府,,3,3,成都,330,0%,满天的云彩，变幻莫测，如同大自然的画笔。
光明寺,,3,3,蒲江,564,0%,高山上的日落，晚霞如火，壮丽无比。
观音寺,,3,3,成都,652,0%,沙滩上的日落，大海和夕阳同辉，景色迷人。
明杨慎墓,,3,2,成都,893,0%,海浪拍岸，发出阵阵响声，激荡人心。
客家堂屋,,3,2,成都,499,0%,湿地的候鸟，翱翔于天际，自由自在。
抚琴街道西北街社区民族服饰微博物馆,,3,2,成都,505,0%,微风拂过，带来了沁人心脾的花香，令人陶醉。
芦沟古道,,3,2,邛崃,730,0%,湖中的倒影，清晰可见，仿佛另一个世界。
景观草坡,,3,2,成都,450,0%,山脉的轮廓，在日落时分显得格外清晰。
大雄宝殿,,3,2,成都,922,0%,雨后的山谷，清新脱俗，空气湿润。
花样年江山展示中心,,3,2,成都,505,0%,河流旁的芦苇，随风摇曳，生态丰富。
妙觉佛堂,,3,1,成都,497,0%,山间的小溪，潺潺流水，清澈见底。
罗家沟,Luojiagou,3,1,金堂,558,0%,峡谷之中，回声悠长，仿佛在诉说着古老的传说。
三生巷,,3,1,成都,324,0%,夜晚的露营地，篝火晚会，温馨而快乐。
望花亭,,3,1,成都,844,0%,秋天的丰收，果实累累，田野一片金黄色。
环卫工人休息室,,3,1,成都,767,0%,秋日的阳光，温暖而柔和，金黄色的光线洒在大地上。
成都音乐坊音乐产业中心3楼,,3,1,成都,662,0%,秋高气爽的日子，天高云淡，心旷神怡。
四时桥,,3,1,成都,358,0%,冬日的雪景，白雪皑皑，银装素裹。
寻麓书馆(麓山馆),,3,1,成都,843,0%,秋风的午后，微风送爽，落叶飘飘。
宝光寺,Baoguang Monastery,2,217,成都,93,0%,成都著名寺院，有“镇寺三宝”舍利、贝叶经和铜优昙花。
气香亭,,2,15,成都,422,0%,秋天的果实，硕果累累，丰收的喜悦。
丰碑村综合文化活动室,,2,15,彭州,595,0%,夜晚的海滩，海浪拍打，潮声阵阵。
环卫工人休息室,,2,15,成都,995,0%,平静的湖面上，偶尔掠过的水鸟，留下涟漪。
田园拾趣,,2,15,成都,796,0%,星光点点，夜空深邃，宁静而深远。
许愿树,,2,14,成都,313,0%,滨海的旅游小镇，悠闲的生活，海的味道。
贸易展示区,,2,14,成都,520,0%,林间小路，光影斑驳，仿佛通往未知的世界。
花语界,,2,14,成都,546,0%,冬日的雪景，白雪皑皑，银装素裹。
BMW摩托车骑行公园,,2,13,邛崃,565,0%,春天的花丛，花香袭人，色彩斑斓。
老年活动室,,2,13,成都,766,0%,雾中的山路，曲折蜿蜒，充满未知。
环卫工人休息室,,2,13,崇州,708,0%,山顶的日出，阳光洒满大地，希望的光芒。
冲鸭阅读,,2,13,成都,812,0%,峡谷之中，回声悠长，仿佛在诉说着古老的传说。
兽面纹镂空屏风雕塑,,2,13,成都,479,0%,峭壁上的攀岩者，挑战自我，勇气可嘉。
孔明楼,,2,13,成都,947,0%,雨中的城市，街道映着灯光，梦幻般的美。
古月禹,,2,13,成都,539,0%,海滨城市的夜景，灯火辉煌，如梦如幻。
多景台,,2,13,成都,918,0%,雪中的松树，枝头挂满雪花，银白世界。
疯狂F1,,2,13,成都,580,0%,古木参天，枝繁叶茂，为这片土地披上了绿装。
四川白水河国家级自然保护区,Sichuan Baishuihe Natural Reserve,2,12,彭州,7,0%,青山绿水，碧波荡漾，如画一般。
秦汉驿道遗址,,2,12,成都,382,0%,秦汉驿道，又称南方丝绸之路，在四川成都邛崃市平乐镇骑龙山城隍岗，有一段长约两公里的秦汉驿道遗址。
儿童乐园,,2,12,成都,896,0%,春日花开，百花齐放，香气扑鼻。
彭家大院,,2,12,成都,984,0%,滨海的摩天轮，高高在上，俯瞰海景。
成都鑫河古建,,2,12,成都,493,0%,山间的云雾，缥缈间，仿佛仙境。
洪水雕塑,,2,12,大邑,376,0%,雨后的林间，空气清新，山色更翠。
糖小记kids,,2,12,都江堰,561,0%,海滨的日出，海平面上升起的太阳，光彩夺目。
成都海洋大世界,,2,11,都江堰,469,0%,山间的小溪，潺潺流水，清澈见底。
紫霞山-天然氧吧,,2,11,成都,889,0%,夜晚的露台，望着繁星，思绪万千。
荷香榭,,2,11,成都,313,0%,夕阳西下，晚霞如火如荼地燃烧。
共品堂,,2,11,大邑,307,0%,绿色的田野上，风吹麦浪，波光粼粼。
红砂石花缸,,2,11,大邑,696,0%,秋天的田野，稻谷泛黄，金色的波浪。
洞子口拦漂闸,,2,11,成都,623,0%,夏日的草地，绿草茵茵，蝴蝶飞舞。
红色遗址碉堡,,2,11,都江堰,865,0%,朝霞满天，如同破晓的第一缕阳光。
近芳亭,,2,10,邛崃,934,0%,雨后的山谷，清新脱俗，空气湿润。
融呈房车露营烧烤营地,,2,9,都江堰,632,0%,秋风的午后，微风送爽，落叶飘飘。
正兴街道秦皇寺总支党员活动室,,2,9,成都,964,0%,夜晚的城市，高楼大厦，灯火通明。
王光祈塑像,,2,9,成都,611,0%,霜降时节，白霜覆盖一切，如同银色的世界。
松鼠林,,2,9,成都,863,0%,高山上的日落，晚霞如火，壮丽无比。
洛带华侨城中国艺库,,2,9,成都,356,0%,潮湿的雨林中，瀑布轰鸣，水汽弥漫。
燕岩亭,,2,9,都江堰,595,0%,沙滩上的日落，大海和夕阳同辉，景色迷人。
翠堤,,2,9,成都,639,0%,沙滩上的晚霞，晚霞映红了整个天空，美轮美奂。
青白江区英烈纪念园,,2,9,成都,602,0%,农田的秋天，丰收的季节，金黄色的田野。
书院街街道社区养老服务综合体(同堂馆),,2,8,成都,625,0%,夜晚的城市公园，灯光与夜色交织，美轮美奂。
青城阁,,2,8,都江堰,694,0%,秋日的林间小路，落叶铺满，黄金大道。
望帝丛帝纪念馆,,2,8,成都,556,0%,繁花似锦的春天，生机勃勃，如诗如画。
萌宠总动员,,2,8,成都,470,0%,夜晚的星空，绚烂夺目，无限遐想。
元宝厅,,2,8,成都,686,0%,沙滩上的晚霞，晚霞映红了整个天空，美轮美奂。
战旗党建馆,,2,7,成都,841,0%,山顶的日出，阳光洒满大地，希望的光芒。
范家松山,,2,7,成都,673,0%,夜晚的城市公园，灯光与夜色交织，美轮美奂。
竹风桥,,2,7,成都,935,0%,沙漠的日落，天边一抹残阳，如火如血。
海桐街社区公园,,2,7,成都,488,0%,夜晚的公园，灯光与影子交错，宁静而神秘。
笔架山,,2,7,都江堰,933,0%,晨曦的山峦，阳光洒满山间，光影交错。
老年中心,,2,7,成都,350,0%,湖面的夜色，月光倒映，静谧优美。
祠堂胜景,,2,6,成都,320,0%,寒冷的冬日，暖阳透过云层，温暖如春。
金库,,2,6,大邑,724,0%,雨中的城市，清新而湿润，洗净尘埃。
约翰S谢伟思雕塑,,2,6,大邑,438,0%,高山的夜晚，繁星点点，宁静致远。
环球星科激光科技,,2,6,成都,333,0%,林间小径，鲜花簇拥，步入其中如入花海。
青宸马术运动中心,,2,6,崇州,867,0%,公园的早晨，晨练的人们，生活的节奏。
谭灵寺,,2,6,都江堰,538,0%,湖光山色，风景如画，美不胜收。
水木北部农业公园,,2,6,崇州,513,0%,夜晚的星空，闪烁的星星，璀璨如梦。
日影湖,,2,5,成都,668,0%,寒冬腊月，白雪皑皑，覆盖了大地。
自然王国,,2,5,成都,535,0%,河畔的垂柳，轻拂水面，添了几分柔情。
双河口,Shuanghekou,2,5,金堂,497,0%,夕阳西下，晚霞如火如荼地燃烧。
成都市青白江区工人文化宫,,2,5,成都,560,0%,夏日的河边，垂柳依依，清凉宜人。
幸福松鼠,,2,5,崇州,964,0%,森林里的小径，幽静而神秘，探险者的天堂。
天空步道,,2,5,成都,834,0%,夏夜的荷塘，荷叶田田，荷花盛开。
天安门酱酒品鉴中心(嘉煜金融科技中心店),,2,5,成都,538,0%,山间的早晨，清新的空气，鸟语花香。
汽车文化老爷车博览馆,,2,5,成都,777,0%,夏日的湖边，嬉戏的儿童，欢乐的声音。
成都kcar浪迪露营基地,,2,5,成都,645,0%,雨后的彩虹桥，连接着两岸，象征着希望。
山居半筑露营地,,2,4,彭州,840,0%,夏夜的星空，繁星点点，如梦如幻。
山宇间图书馆,,2,4,成都,822,0%,夜晚的星空，满天星斗，宁静深远。
创意办公园,,2,4,成都,952,0%,河流的傍晚，晚霞映照，水天一色。
尚弘,,2,4,成都,874,0%,秋天的森林，五彩缤纷，美不胜收。
沙河公园科技秀苑景区,,2,4,成都,548,0%,晴朗的天空下，白云朵朵，如棉花糖。
汉代银杏林,,2,4,成都,329,0%,冬季的河流，冰封河面，静谧无声。
彤云轩房车营地,,2,4,成都,871,0%,雪地里的足迹，记录着旅人的脚步，探索的痕迹。
梦骑士星空营地・DK露营(高新店),,2,4,成都,852,0%,沙滩上的脚印，记录着旅人的足迹，故事连连。
刘宗贤住房,,2,3,大邑,476,0%,山顶的日出，阳光洒满大地，希望的光芒。
乡里乡亲水上乐园,,2,3,成都,716,0%,夜晚的星空，闪烁的星星，璀璨如梦。
曼荼罗亭,,2,3,成都,800,0%,雨后的林间，空气清新，山色更翠。
睿上图书馆,,2,2,成都,337,0%,河畔的春天，绿树成荫，鸟语花香。
四渡赤水雕塑,,2,2,邛崃,614,0%,高山流水，回荡着清脆的琴声，悠扬入耳。
尚橙儿童成长乐园,,2,2,成都,786,0%,潮湿的海滩，细软的沙粒，海浪的歌声。
北峰岚晓,,2,2,成都,849,0%,霜降时节，白霜覆盖一切，如同银色的世界。
香脂湖公园,,2,2,成都,389,0%,夏日的草地，绿意盎然，充满活力。
晴天通航洛带机场,,2,2,成都,697,0%,沙漠的日落，天边一抹残阳，如火如血。
武进文化宫,,2,2,成都,523,0%,雪中的松树，枝头挂满雪花，银白世界。
两静寺,,2,2,崇州,983,0%,春风拂面，花香四溢，满园春色。
逸夫图书馆,,2,2,成都,634,0%,晚风轻拂，湖面泛起层层波纹，如梦似幻。
周末愉快・听花露营营地-篝火区,,2,2,成都,571,0%,河岸的石头，经过水流的冲刷，光滑如镜。
十八里香草沟,Shibali Vanilla Valley,2,1,邛崃,11,0%,冬日的雪景，白雪皑皑，银装素裹。
健康知识进基层活动服务站,,2,1,成都,577,0%,湖边的清晨，水雾弥漫，如梦如幻。
沧浪湖,,2,1,成都,358,0%,夜晚的公园，灯光与影子交错，宁静而神秘。
学习强国主题公园,,2,1,崇州,777,0%,雪后的公园，银装素裹，纯净美丽。
仁善之心雕塑,,2,1,成都,302,0%,夏日的河边，垂柳依依，清凉宜人。
白河公园-B区,,2,1,成都,470,0%,湖面的晨雾，轻轻飘浮，如梦如幻。
赵公山,Zhaogong Mountain,1,74,都江堰,132,0%,传说中财神赵公明归隐处，也是户外爱好者的理想登山之地。
芦沟竹海,Lugou Bamboo Sea,1,71,邛崃,4,0%,消暑度假的好地方，适合全家出游。
明蜀王陵博物馆,Ming King Shu Tomb Museum,1,59,成都,363,0%,霜降时节，白霜覆盖一切，如同银色的世界。
|pt中山广场,Zhong Mountain Square,1,23,成都,405,0%,山间的瀑布，水珠飞溅，清凉一夏。
麓湖,,1,15,都江堰,888,0%,星光灿烂，银河横跨夜空，闪烁着光芒。
成都动物园-经营部,,1,15,成都,586,0%,秋季的登山，攀登高峰，俯瞰世界。
禅堂,,1,15,成都,359,0%,秋天的田野，稻谷泛黄，金色的波浪。
四川华新现代职业学院图书馆,,1,15,成都,487,0%,海边的晨光，海浪轻拍，阳光金灿。
8090时光乐园,,1,14,成都,911,0%,古镇的河流，古朴的风情，悠久的历史。
厚幸-西隐基地,,1,14,成都,303,0%,冬季的枯藤老树，虽然萧索，却有一番风味。
清沁苑,,1,14,成都,692,0%,晨曦初露，万物复苏，鸟语花香。
杨光烈纪念馆,,1,14,成都,771,0%,秋季的公园，五彩斑斓的落叶，铺满小径。
萤火虫微博物馆,Firefly Micro Museum,1,14,邛崃,714,0%,夏日的河边，垂柳依依，清凉宜人。
樱花观赏区,,1,14,成都,703,0%,深林之中，古木参天，生态丰富。
云森不知处露营基地,,1,14,都江堰,400,0%,山谷中的秋色，层林尽染，色彩斑斓。
锦逸社区民俗文化活动广场,,1,13,成都,893,0%,海滨城市的夜景，灯火辉煌，如梦如幻。
荫鱼堂,,1,13,成都,589,0%,夏日的草地，绿意盎然，充满活力。
西蜀村,,1,12,成都,428,0%,雨中的城市，清新而湿润，洗净尘埃。
基督教福音堂,,1,12,成都,843,0%,秋高气爽的山间，风清气朗，心旷神怡。
嘻哈街,,1,12,成都,866,0%,农村的晨曦，炊烟袅袅，生活的味道。
化风山,,1,12,成都,346,0%,夜晚的星空，闪烁的星星，璀璨如梦。
成都市政协文史书画馆,,1,12,成都,710,0%,春天的果园，花开果绿，生机盎然。
卡奇乐新概念儿童乐园,,1,12,成都,741,0%,密林深处的小溪，静静流淌，清澈见底。
新文化宫,,1,12,成都,763,0%,春天的花丛，花香袭人，色彩斑斓。
晋原经济,,1,11,大邑,375,0%,农村的晨曦，炊烟袅袅，生活的味道。
成都市锦江区第三大街社区美术馆,,1,11,成都,820,0%,秋天的公园，银杏叶黄，铺满一地黄金。
彭州花园沟,,1,11,彭州,494,0%,秋日的湖边，湖面波光粼粼，风景如画。
观堂,,1,11,成都,850,0%,雪地里的足迹，记录着旅人的脚步，探索的痕迹。
咀山,,1,11,蒲江,876,0%,瀑布飞流直下，水雾飘渺，景色壮观。
游学壮歌,,1,10,成都,475,0%,森林里的小径，幽静而神秘，探险者的天堂。
陈多多南亭,,1,10,成都,951,0%,湖面上的划船，轻轻摇曳，平静的水面。
稼轩推松雕像,,1,10,成都,817,0%,山林中的小屋，宁静祥和，逃离都市的喧嚣。
大眼睛图书馆,,1,10,成都,986,0%,沙漠的黄昏，大地与天空同色，壮观迷人。
八步坎,,1,10,彭州,527,0%,沙滩上的日落，大海和夕阳同辉，景色迷人。
圣贤故里,,1,10,邛崃,904,0%,繁花似锦的春天，生机勃勃，如诗如画。
竹雨榭,,1,10,都江堰,338,0%,青山绿水，碧波荡漾，如画一般。
定觉寺,,1,9,邛崃,659,0%,湖面的夜色，月光倒映，静谧优美。
姜家祠堂,,1,9,成都,727,0%,湿地上的芦苇，随风摇曳，生态丰富。
筱园,,1,9,成都,846,0%,海岛上的椰影，摇曳生姿，风情万种。
大观镇图书馆,,1,9,都江堰,870,0%,沙滩上的脚印，记录着旅人的足迹，故事连连。
水上集市,,1,9,金堂,645,0%,山谷间的回声，如同古老的歌谣，回荡在空中。
迎辉路社区党群共建多功能室,,1,8,成都,976,0%,晨曦的山峦，阳光洒满山间，光影交错。
祗园精舍,,1,8,成都,639,0%,冬季的林道，雪花飘飘，寒风凛冽。
云中三百步,,1,8,都江堰,362,0%,晨曦的山峦，阳光洒满山间，光影交错。
红军标语石刻长廊,,1,7,邛崃,570,0%,雪后的松林，静谧祥和，银装素裹。
公堂,,1,7,成都,640,0%,春天的田野，绿草如茵，花开满野。
岩龙喷枪,,1,7,崇州,664,0%,湖面的清晨，水雾弥漫，如梦如幻。
野渡横舟,,1,7,成都,777,0%,雪后山村，银装素裹，一片宁静。
风水墩,,1,7,大邑,744,0%,公园的早晨，晨练的人们，生活的节奏。
成都市金牛区九里堤街道九里堤北路社区居民委员会-科普文化长廊,,1,7,成都,915,0%,古木参天，枝繁叶茂，为这片土地披上了绿装。
上元古道,,1,7,都江堰,920,0%,雨后的林间，空气清新，山色更翠。
望水台,,1,7,成都,706,0%,雨后的彩虹，桥接天地，彩色的希望。
318儿童乐园,,1,6,成都,366,0%,雨中的城市，街道湿润，清新的空气。
海底世界,,1,6,成都,736,0%,秋风萧瑟，金黄的叶片纷纷扬扬。
星星产房,,1,6,成都,888,0%,林间小径，鲜花簇拥，步入其中如入花海。
文殊殿,,1,6,大邑,898,0%,海边的晨光，海浪轻拍，阳光金灿。
农耕文化展示,,1,6,成都,343,0%,湖光山色，风景如画，美不胜收。
龙湖观萃,,1,5,成都,475,0%,高山的夜晚，繁星点点，宁静致远。
伟佳运动公园,,1,5,成都,945,0%,山林中的小屋，宁静祥和，逃离都市的喧嚣。
torasa(橡树林店),,1,5,成都,607,0%,海边的船只，迎着晨光启航，希望的旅程。
蜀郡园-听风廊,,1,5,成都,780,0%,河流旁的芦苇，随风摇曳，生态丰富。
西南街社区活动室,,1,5,成都,331,0%,湖面的夜色，月光倒映，静谧优美。
海洋水族馆,,1,4,成都,634,0%,冬季的北国，雪地里的宁静，白雪皑皑。
工友服务中心,,1,4,成都,358,0%,晨光中的湖畔，湖面波光粼粼，宁静致远。
虚静舍,,1,4,成都,910,0%,湖泊的早晨，轻雾缭绕，宁静致远。
成都病媒生物科普馆,,1,4,成都,905,0%,潮湿的海滩，细软的沙粒，海浪的歌声。
观音殿,,1,4,邛崃,325,0%,高山的夜晚，繁星点点，宁静致远。
农科村,,1,3,成都,258,0%,“农科村”位于四川省成都市郫县境内，是全国农业旅游示范点，是“农家乐”的发源地，被誉为“鲜花盛开的村庄，没有围墙的公园”。
犀湖(西南交大犀浦校区),,1,3,成都,901,0%,晴天的云朵，轻盈飘逸，变换无穷。
环卫工人休息室,,1,3,成都,809,0%,古镇的石桥，见证了千年的流转，依旧坚固。
金色幽谷,,1,3,成都,744,0%,公园的秋日，落叶纷飞，金黄一片。
慈海堂,,1,3,成都,528,0%,雪后的公园，银装素裹，纯净美丽。
仙女洞,,1,3,都江堰,776,0%,湖光山色，风景如画，美不胜收。
熊猫乐园,,1,3,成都,857,0%,夏夜的星空，繁星点点，如梦如幻。
东岳庙,,1,3,崇州,380,0%,草原上的野花开遍了每一个角落，如同大地的织锦。
友谊林,,1,2,成都,923,0%,山涧的溪水，清澈见底，泉声叮咚。
成都市新都区大丰基督教聚会点,,1,2,成都,652,0%,雪后的松林，静谧祥和，银装素裹。
毛泽东雕像,,1,2,成都,598,0%,炎热的夏日，清凉的湖水，泳者的天堂。
道・问道堂,,1,2,成都,635,0%,春天的花丛，花香袭人，色彩斑斓。
忠孝生福钟,,1,2,成都,580,0%,海边的帆船，随风而动，探索无限。
虹口花谷高山露营基地,,1,2,都江堰,449,0%,夜晚的星空，满天星斗，宁静深远。
天府极限运动公园,,1,2,成都,364,0%,海边的帆船，随风而动，探索无限。
清真寺,,1,1,成都,953,0%,冬季的林道，雪花飘飘，寒风凛冽。
蒲阳河,,1,1,都江堰,421,0%,霜降时节，白霜覆盖一切，如同银色的世界。
喜见・see营地,,1,1,大邑,473,0%,夜晚的海滩，海浪拍打，潮声阵阵。
大雄宝殿,,1,1,成都,304,0%,晨曦的山峦，阳光洒满山间，光影交错。
阳光草坪区,,1,1,成都,873,0%,夜幕下的城市，灯火辉煌，繁星似的街灯。
西岭雪山海拔高度-千四百五十米碑,,1,1,大邑,672,0%,湖光山色，风景如画，美不胜收。
金堂县云顶石城风景区-龙王庙,,1,1,金堂,511,0%,湖泊的黄昏，夕阳无限好，只是近黄昏。
雨亭,,1,1,都江堰,632,0%,秋天的森林，五彩缤纷，美不胜收。
工业门架,,1,1,成都,696,0%,山间的小溪，潺潺流水，清澈见底。
都江堰.油菜花,,1,1,都江堰,356,0%,夏夜的荷塘，荷叶田田，荷花盛开。
